2025-12-19 03:55:28,927 - Knowledge - INFO - Created shared MongoDB connection pool
2025-12-19 03:55:29,243 - Knowledge - INFO - Starting Knowledge Graph processing with 20 threads
2025-12-19 03:55:29,463 - Knowledge - INFO - Initial configuration: chunk_size=65536, max_cache_size=500
2025-12-19 03:55:29,626 - Knowledge - INFO - Knowledge Graph concurrency configuration: workers=20, max_batch_size=10, max_concurrent_llm_calls=50
2025-12-19 03:55:31,183 - Knowledge - INFO - 🔍 _load_persisted_knowledge called - checking for Redis optimization
2025-12-19 03:55:31,390 - Knowledge - WARNING - ❌ load_from_redis method not found - Redis support not attached
2025-12-19 03:55:31,572 - Knowledge - INFO - load persisted knowledge: begin
2025-12-19 03:55:31,768 - Knowledge - INFO - Loaded 0 files from persisted knowledge
2025-12-19 03:55:31,934 - Knowledge - INFO - load persisted knowledge: end
2025-12-19 03:55:32,130 - Knowledge - WARNING - No persisted knowledge found. Files will be queued during start()
2025-12-19 03:55:32,293 - Knowledge - INFO - Redis support added with prefix knowledge:b33786n:
2025-12-19 03:55:32,623 - Knowledge - INFO - Starting knowledge initialization for ID: P4X6S0-b33786n
2025-12-19 03:55:32,815 - Knowledge - INFO - 🔍 Checking Redis for build_id: b33786n
2025-12-19 03:55:32,995 - Knowledge - INFO - 🔍 Full session ID: P4X6S0-b33786n
2025-12-19 03:55:33,199 - Knowledge - INFO - 🔍 Redis prefix will be: knowledge:b33786n:
2025-12-19 03:55:33,391 - Knowledge - INFO - 🔍 Using attached load_from_redis() method
2025-12-19 03:55:33,555 - Knowledge - INFO - 🔍 Attempting to load knowledge from Redis...
2025-12-19 03:55:33,757 - Knowledge - INFO - 🔍 Using derived instance_id for Redis lookup: b33786n
2025-12-19 03:55:33,928 - Knowledge - WARNING - ❌ No Redis cache found
2025-12-19 03:55:34,112 - Knowledge - INFO - 📁 Loading knowledge from disk...
2025-12-19 03:55:34,336 - Knowledge - INFO - load persisted docinfo: begin
2025-12-19 03:55:34,519 - Knowledge - INFO - load persisted docinfo: end
2025-12-19 03:55:34,674 - Knowledge - INFO - 🔍 _load_persisted_knowledge called - checking for Redis optimization
2025-12-19 03:55:34,827 - Knowledge - INFO - ✅ load_from_redis method found - attempting Redis load
2025-12-19 03:55:35,002 - Knowledge - INFO - 🔍 Attempting to load knowledge from Redis...
2025-12-19 03:55:35,188 - Knowledge - INFO - 🔍 Using derived instance_id for Redis lookup: b33786n
2025-12-19 03:55:35,389 - Knowledge - WARNING - ❌ No Redis cache found
2025-12-19 03:55:35,542 - Knowledge - INFO - ❌ Redis load returned False - falling back to file loading
2025-12-19 03:55:35,699 - Knowledge - INFO - load persisted knowledge: begin
2025-12-19 03:55:35,894 - Knowledge - INFO - Loaded 0 files from persisted knowledge
2025-12-19 03:55:36,108 - Knowledge - INFO - load persisted knowledge: end
2025-12-19 03:55:36,267 - Knowledge - INFO - 📁 Disk load complete in 1.98s
2025-12-19 03:55:36,457 - Knowledge - INFO - Populating ingest queue with source files...
2025-12-19 03:55:36,705 - Knowledge - INFO - Added 50 files from /app/data/tataelxsimockapisolutions5451/3411/b33786n/Online-Examination-System-3411 to ingest queue
2025-12-19 03:55:36,863 - Knowledge - INFO - [WEBSOCKET] Sent: Type=progress_update, Size: 159, Duration: 0ms
2025-12-19 03:55:37,087 - Knowledge - INFO - Worker kw1 created using shared MongoDB connection pool
2025-12-19 03:55:37,315 - Knowledge - INFO - knowledge worker kw1 start
2025-12-19 03:55:37,315 - Knowledge - INFO - Worker kw2 created using shared MongoDB connection pool
2025-12-19 03:55:37,485 - Knowledge - INFO - [kw1] Queue=50, InProgress=0, PendingWorkers=0/1, Completed=0/50 (0.0%)
2025-12-19 03:55:37,592 - Knowledge - INFO - knowledge worker kw2 start
2025-12-19 03:55:37,595 - Knowledge - INFO - Worker kw3 created using shared MongoDB connection pool
2025-12-19 03:55:37,667 - Knowledge - INFO - Batch sizing: calculated=4, max_allowed=10, queue=50, active_workers=0/2
2025-12-19 03:55:37,767 - Knowledge - INFO - [kw2] Queue=50, InProgress=0, PendingWorkers=0/2, Completed=0/50 (0.0%)
2025-12-19 03:55:37,851 - Knowledge - INFO - knowledge worker kw3 start
2025-12-19 03:55:37,852 - Knowledge - INFO - Worker kw4 created using shared MongoDB connection pool
2025-12-19 03:55:37,928 - Knowledge - INFO - Worker kw1 processing /app/data/tataelxsimockapisolutions5451/3411/b33786n/Online-Examination-System-3411/OnlineExamSystem/DownloadPdf.aspx.cs
2025-12-19 03:55:38,035 - Knowledge - INFO - Batch sizing: calculated=4, max_allowed=10, queue=50, active_workers=1/3
2025-12-19 03:55:38,155 - Knowledge - INFO - [kw3] Queue=46, InProgress=0, PendingWorkers=1/3, Completed=0/50 (0.0%)
2025-12-19 03:55:38,272 - Knowledge - INFO - knowledge worker kw4 start
2025-12-19 03:55:38,272 - Knowledge - INFO - Worker kw5 created using shared MongoDB connection pool
2025-12-19 03:55:38,361 - Knowledge - INFO - Fast-tracked /app/data/tataelxsimockapisolutions5451/3411/b33786n/Online-Examination-System-3411/OnlineExamSystem/DownloadPdf.aspx.cs (ext=.cs, size=1655)
2025-12-19 03:55:38,434 - Knowledge - INFO - Worker kw2 processing /app/data/tataelxsimockapisolutions5451/3411/b33786n/Online-Examination-System-3411/OnlineExamSystem/TakenCourses.aspx.designer.cs
2025-12-19 03:55:38,538 - Knowledge - INFO - Batch sizing: calculated=4, max_allowed=10, queue=46, active_workers=2/4
2025-12-19 03:55:38,615 - Knowledge - INFO - [kw4] Queue=42, InProgress=0, PendingWorkers=2/4, Completed=0/50 (0.0%)
2025-12-19 03:55:38,699 - Knowledge - INFO - knowledge worker kw5 start
2025-12-19 03:55:38,699 - Knowledge - INFO - Worker kw6 created using shared MongoDB connection pool
2025-12-19 03:55:38,781 - Knowledge - INFO - Worker kw1 processing /app/data/tataelxsimockapisolutions5451/3411/b33786n/Online-Examination-System-3411/OnlineExamSystem/SignUpPage.aspx.designer.cs
2025-12-19 03:55:38,868 - Knowledge - INFO - Worker kw2 processing /app/data/tataelxsimockapisolutions5451/3411/b33786n/Online-Examination-System-3411/OnlineExamSystem/SetExam.aspx.designer.cs
2025-12-19 03:55:38,963 - Knowledge - INFO - Worker kw3 processing /app/data/tataelxsimockapisolutions5451/3411/b33786n/Online-Examination-System-3411/OnlineExamSystem/EditMCQ.aspx.designer.cs
2025-12-19 03:55:39,110 - Knowledge - INFO - Batch sizing: calculated=4, max_allowed=10, queue=42, active_workers=3/5
2025-12-19 03:55:39,217 - Knowledge - INFO - [kw5] Queue=38, InProgress=0, PendingWorkers=3/5, Completed=0/50 (0.0%)
2025-12-19 03:55:39,286 - Knowledge - INFO - knowledge worker kw6 start
2025-12-19 03:55:39,286 - Knowledge - INFO - Worker kw7 created using shared MongoDB connection pool
2025-12-19 03:55:39,413 - Knowledge - INFO - Worker kw1 processing /app/data/tataelxsimockapisolutions5451/3411/b33786n/Online-Examination-System-3411/OnlineExamSystem/ShowAns.aspx.designer.cs
2025-12-19 03:55:39,499 - Knowledge - INFO - Worker kw2 processing /app/data/tataelxsimockapisolutions5451/3411/b33786n/Online-Examination-System-3411/OnlineExamSystem/TheoryExam.aspx.cs
2025-12-19 03:55:39,577 - Knowledge - INFO - Worker kw3 processing /app/data/tataelxsimockapisolutions5451/3411/b33786n/Online-Examination-System-3411/OnlineExamSystem/TheorySet.aspx.designer.cs
2025-12-19 03:55:39,651 - Knowledge - INFO - Worker kw4 processing /app/data/tataelxsimockapisolutions5451/3411/b33786n/Online-Examination-System-3411/OnlineExamSystem/AdminQueue.aspx.cs
2025-12-19 03:55:39,764 - Knowledge - INFO - Batch sizing: calculated=4, max_allowed=10, queue=38, active_workers=4/6
2025-12-19 03:55:39,837 - Knowledge - INFO - [kw6] Queue=34, InProgress=0, PendingWorkers=4/6, Completed=0/50 (0.0%)
2025-12-19 03:55:39,910 - Knowledge - INFO - knowledge worker kw7 start
2025-12-19 03:55:39,910 - Knowledge - INFO - Worker kw8 created using shared MongoDB connection pool
2025-12-19 03:55:39,990 - Knowledge - INFO - Worker kw1 processing /app/data/tataelxsimockapisolutions5451/3411/b33786n/Online-Examination-System-3411/OnlineExamSystem/ExamResult.aspx.cs
2025-12-19 03:55:40,069 - Knowledge - INFO - Worker kw2 processing /app/data/tataelxsimockapisolutions5451/3411/b33786n/Online-Examination-System-3411/OnlineExamSystem/LoginPage.aspx.cs
2025-12-19 03:55:40,162 - Knowledge - INFO - Worker kw3 processing /app/data/tataelxsimockapisolutions5451/3411/b33786n/Online-Examination-System-3411/OnlineExamSystem/AdminLeaderboard.aspx.cs
2025-12-19 03:55:40,279 - Knowledge - INFO - Fast-tracked /app/data/tataelxsimockapisolutions5451/3411/b33786n/Online-Examination-System-3411/OnlineExamSystem/AdminQueue.aspx.cs (ext=.cs, size=1159)
2025-12-19 03:55:40,357 - Knowledge - INFO - Worker kw5 processing /app/data/tataelxsimockapisolutions5451/3411/b33786n/Online-Examination-System-3411/OnlineExamSystem/AdminPanel.aspx.designer.cs
2025-12-19 03:55:40,483 - Knowledge - INFO - Batch sizing: calculated=4, max_allowed=10, queue=34, active_workers=5/7
2025-12-19 03:55:40,590 - Knowledge - INFO - [kw7] Queue=30, InProgress=0, PendingWorkers=5/7, Completed=0/50 (0.0%)
2025-12-19 03:55:40,684 - Knowledge - INFO - knowledge worker kw8 start
2025-12-19 03:55:40,684 - Knowledge - INFO - Worker kw9 created using shared MongoDB connection pool
2025-12-19 03:55:41,011 - Knowledge - INFO - Worker kw3 processing /app/data/tataelxsimockapisolutions5451/3411/b33786n/Online-Examination-System-3411/OnlineExamSystem/AdminCourseQueue.aspx.designer.cs
2025-12-19 03:55:41,106 - Knowledge - INFO - Worker kw4 processing /app/data/tataelxsimockapisolutions5451/3411/b33786n/Online-Examination-System-3411/OnlineExamSystem/Leaderboard.aspx.designer.cs
2025-12-19 03:55:41,218 - Knowledge - INFO - Worker kw5 processing /app/data/tataelxsimockapisolutions5451/3411/b33786n/Online-Examination-System-3411/OnlineExamSystem/StartExam.aspx.designer.cs
2025-12-19 03:55:41,331 - Knowledge - INFO - Worker kw6 processing /app/data/tataelxsimockapisolutions5451/3411/b33786n/Online-Examination-System-3411/OnlineExamSystem/UserProfile.aspx.cs
2025-12-19 03:55:41,454 - Knowledge - INFO - Batch sizing: calculated=4, max_allowed=10, queue=30, active_workers=6/8
2025-12-19 03:55:41,536 - Knowledge - INFO - [kw8] Queue=26, InProgress=0, PendingWorkers=6/8, Completed=0/50 (0.0%)
2025-12-19 03:55:41,611 - Knowledge - INFO - knowledge worker kw9 start
2025-12-19 03:55:41,612 - Knowledge - INFO - Worker kw10 created using shared MongoDB connection pool
2025-12-19 03:55:41,780 - Knowledge - INFO - Worker kw4 processing /app/data/tataelxsimockapisolutions5451/3411/b33786n/Online-Examination-System-3411/OnlineExamSystem/MCQExam.aspx.cs
2025-12-19 03:55:41,844 - Knowledge - INFO - Worker kw5 processing /app/data/tataelxsimockapisolutions5451/3411/b33786n/Online-Examination-System-3411/OnlineExamSystem/Dashboard.aspx.cs
2025-12-19 03:55:41,951 - Knowledge - INFO - Worker kw6 processing /app/data/tataelxsimockapisolutions5451/3411/b33786n/Online-Examination-System-3411/OnlineExamSystem/EditTheory.aspx.designer.cs
2025-12-19 03:55:42,015 - Knowledge - INFO - Worker kw7 processing /app/data/tataelxsimockapisolutions5451/3411/b33786n/Online-Examination-System-3411/OnlineExamSystem/MCQExam.aspx.designer.cs
2025-12-19 03:55:42,120 - Knowledge - INFO - Batch sizing: calculated=4, max_allowed=10, queue=26, active_workers=7/9
2025-12-19 03:55:42,227 - Knowledge - INFO - [kw9] Queue=22, InProgress=0, PendingWorkers=7/9, Completed=0/50 (0.0%)
2025-12-19 03:55:42,310 - Knowledge - INFO - knowledge worker kw10 start
2025-12-19 03:55:42,310 - Knowledge - INFO - Worker kw11 created using shared MongoDB connection pool
2025-12-19 03:55:42,386 - Knowledge - INFO - Worker kw4 processing /app/data/tataelxsimockapisolutions5451/3411/b33786n/Online-Examination-System-3411/OnlineExamSystem/MCQSet.aspx.designer.cs
2025-12-19 03:55:42,502 - Knowledge - INFO - Fast-tracked /app/data/tataelxsimockapisolutions5451/3411/b33786n/Online-Examination-System-3411/OnlineExamSystem/Dashboard.aspx.cs (ext=.cs, size=1014)
2025-12-19 03:55:42,615 - Knowledge - INFO - Worker kw6 processing /app/data/tataelxsimockapisolutions5451/3411/b33786n/Online-Examination-System-3411/OnlineExamSystem/ShowAns.aspx.cs
2025-12-19 03:55:42,693 - Knowledge - INFO - Worker kw7 processing /app/data/tataelxsimockapisolutions5451/3411/b33786n/Online-Examination-System-3411/OnlineExamSystem/CSS/bootstrap.css
2025-12-19 03:55:42,770 - Knowledge - INFO - Worker kw8 processing /app/data/tataelxsimockapisolutions5451/3411/b33786n/Online-Examination-System-3411/OnlineExamSystem/Dashboard.aspx.designer.cs
2025-12-19 03:55:42,887 - Knowledge - INFO - Batch sizing: calculated=4, max_allowed=10, queue=22, active_workers=8/10
2025-12-19 03:55:42,960 - Knowledge - INFO - [kw10] Queue=18, InProgress=0, PendingWorkers=8/10, Completed=0/50 (0.0%)
2025-12-19 03:55:43,065 - Knowledge - INFO - knowledge worker kw11 start
2025-12-19 03:55:43,065 - Knowledge - INFO - Worker kw12 created using shared MongoDB connection pool
2025-12-19 03:55:43,295 - Knowledge - INFO - Worker kw5 processing /app/data/tataelxsimockapisolutions5451/3411/b33786n/Online-Examination-System-3411/OnlineExamSystem/EditExam.aspx.designer.cs
2025-12-19 03:55:43,386 - Knowledge - INFO - Worker kw6 processing /app/data/tataelxsimockapisolutions5451/3411/b33786n/Online-Examination-System-3411/OnlineExamSystem/SignUpPage.aspx.cs
2025-12-19 03:55:43,468 - Knowledge - INFO - Fast-tracked /app/data/tataelxsimockapisolutions5451/3411/b33786n/Online-Examination-System-3411/OnlineExamSystem/CSS/bootstrap.css (ext=.css, size=260877)
2025-12-19 03:55:43,572 - Knowledge - INFO - Worker kw8 processing /app/data/tataelxsimockapisolutions5451/3411/b33786n/Online-Examination-System-3411/OnlineExamSystem/SetExam.aspx.cs
2025-12-19 03:55:43,668 - Knowledge - INFO - Worker kw9 processing /app/data/tataelxsimockapisolutions5451/3411/b33786n/Online-Examination-System-3411/OnlineExamSystem/UserProfile.aspx.designer.cs
2025-12-19 03:55:43,738 - Knowledge - INFO - Batch sizing: calculated=4, max_allowed=10, queue=18, active_workers=9/11
2025-12-19 03:55:43,829 - Knowledge - INFO - [kw11] Queue=14, InProgress=0, PendingWorkers=9/11, Completed=0/50 (0.0%)
2025-12-19 03:55:43,914 - Knowledge - INFO - knowledge worker kw12 start
2025-12-19 03:55:43,914 - Knowledge - INFO - Worker kw13 created using shared MongoDB connection pool
2025-12-19 03:55:44,170 - Knowledge - INFO - Fast-tracked /app/data/tataelxsimockapisolutions5451/3411/b33786n/Online-Examination-System-3411/OnlineExamSystem/UserProfile.aspx.cs (small file (2748 bytes))
2025-12-19 03:55:44,304 - Knowledge - INFO - Worker kw7 processing /app/data/tataelxsimockapisolutions5451/3411/b33786n/Online-Examination-System-3411/OnlineExamSystem/EditMCQ.aspx.cs
2025-12-19 03:55:44,462 - Knowledge - INFO - Fast-tracked /app/data/tataelxsimockapisolutions5451/3411/b33786n/Online-Examination-System-3411/OnlineExamSystem/SetExam.aspx.cs (ext=.cs, size=1303)
2025-12-19 03:55:44,547 - Knowledge - INFO - Worker kw9 processing /app/data/tataelxsimockapisolutions5451/3411/b33786n/Online-Examination-System-3411/OnlineExamSystem/Properties/AssemblyInfo.cs
2025-12-19 03:55:44,650 - Knowledge - INFO - Worker kw10 processing /app/data/tataelxsimockapisolutions5451/3411/b33786n/Online-Examination-System-3411/OnlineExamSystem/LoginPage.aspx.designer.cs
2025-12-19 03:55:44,738 - Knowledge - INFO - Batch sizing: calculated=4, max_allowed=10, queue=14, active_workers=10/12
2025-12-19 03:55:44,833 - Knowledge - INFO - [kw12] Queue=10, InProgress=0, PendingWorkers=10/12, Completed=0/50 (0.0%)
2025-12-19 03:55:44,962 - Knowledge - INFO - knowledge worker kw13 start
2025-12-19 03:55:44,962 - Knowledge - INFO - Worker kw14 created using shared MongoDB connection pool
2025-12-19 03:55:45,144 - Knowledge - INFO - Worker kw7 processing /app/data/tataelxsimockapisolutions5451/3411/b33786n/Online-Examination-System-3411/OnlineExamSystem/TheorySet.aspx.cs
2025-12-19 03:55:45,239 - Knowledge - INFO - Worker kw8 processing /app/data/tataelxsimockapisolutions5451/3411/b33786n/Online-Examination-System-3411/OnlineExamSystem/TakenCourses.aspx.cs
2025-12-19 03:55:45,317 - Knowledge - INFO - Fast-tracked /app/data/tataelxsimockapisolutions5451/3411/b33786n/Online-Examination-System-3411/OnlineExamSystem/Properties/AssemblyInfo.cs (ext=.cs, size=1403)
2025-12-19 03:55:45,428 - Knowledge - INFO - Worker kw10 processing /app/data/tataelxsimockapisolutions5451/3411/b33786n/Online-Examination-System-3411/OnlineExamSystem/MCQSet.aspx.cs
2025-12-19 03:55:45,510 - Knowledge - INFO - Worker kw11 processing /app/data/tataelxsimockapisolutions5451/3411/b33786n/Online-Examination-System-3411/OnlineExamSystem/ExamResult.aspx.designer.cs
2025-12-19 03:55:45,588 - Knowledge - INFO - Batch sizing: calculated=4, max_allowed=10, queue=10, active_workers=11/13
2025-12-19 03:55:45,660 - Knowledge - INFO - [kw13] Queue=6, InProgress=0, PendingWorkers=11/13, Completed=0/50 (0.0%)
2025-12-19 03:55:45,731 - Knowledge - INFO - knowledge worker kw14 start
2025-12-19 03:55:45,731 - Knowledge - INFO - Worker kw15 created using shared MongoDB connection pool
2025-12-19 03:55:45,906 - Knowledge - INFO - Fast-tracked /app/data/tataelxsimockapisolutions5451/3411/b33786n/Online-Examination-System-3411/OnlineExamSystem/TakenCourses.aspx.cs (ext=.cs, size=926)
2025-12-19 03:55:46,015 - Knowledge - INFO - Worker kw9 processing /app/data/tataelxsimockapisolutions5451/3411/b33786n/Online-Examination-System-3411/OnlineExamSystem/TheoryExam.aspx.designer.cs
2025-12-19 03:55:46,106 - Knowledge - INFO - Worker kw10 processing /app/data/tataelxsimockapisolutions5451/3411/b33786n/Online-Examination-System-3411/OnlineExamSystem/AdminLeaderboard.aspx.designer.cs
2025-12-19 03:55:46,189 - Knowledge - INFO - Worker kw11 processing /app/data/tataelxsimockapisolutions5451/3411/b33786n/Online-Examination-System-3411/OnlineExamSystem/StartExam.aspx.cs
2025-12-19 03:55:46,311 - Knowledge - INFO - Worker kw12 processing /app/data/tataelxsimockapisolutions5451/3411/b33786n/Online-Examination-System-3411/OnlineExamSystem/EditExam.aspx.cs
2025-12-19 03:55:46,452 - Knowledge - INFO - Batch sizing: calculated=4, max_allowed=10, queue=6, active_workers=12/14
2025-12-19 03:55:46,521 - Knowledge - INFO - [kw14] Queue=2, InProgress=0, PendingWorkers=12/14, Completed=0/50 (0.0%)
2025-12-19 03:55:46,674 - Knowledge - INFO - knowledge worker kw15 start
2025-12-19 03:55:46,675 - Knowledge - INFO - Worker kw16 created using shared MongoDB connection pool
2025-12-19 03:55:46,748 - Knowledge - INFO - Worker kw8 processing /app/data/tataelxsimockapisolutions5451/3411/b33786n/Online-Examination-System-3411/OnlineExamSystem/AdminCourseQueue.aspx.cs
2025-12-19 03:55:46,857 - Knowledge - INFO - Worker kw9 processing /app/data/tataelxsimockapisolutions5451/3411/b33786n/Online-Examination-System-3411/OnlineExamSystem/Leaderboard.aspx.cs
2025-12-19 03:55:46,975 - Knowledge - INFO - Worker kw10 processing /app/data/tataelxsimockapisolutions5451/3411/b33786n/Online-Examination-System-3411/OnlineExamSystem/AdminQueue.aspx.designer.cs
2025-12-19 03:55:47,062 - Knowledge - INFO - Worker kw11 processing /app/data/tataelxsimockapisolutions5451/3411/b33786n/Online-Examination-System-3411/OnlineExamSystem/AdminPanel.aspx.cs
2025-12-19 03:55:47,139 - Knowledge - INFO - Fast-tracked /app/data/tataelxsimockapisolutions5451/3411/b33786n/Online-Examination-System-3411/OnlineExamSystem/EditExam.aspx.cs (ext=.cs, size=1213)
2025-12-19 03:55:47,271 - Knowledge - INFO - Worker kw13 processing /app/data/tataelxsimockapisolutions5451/3411/b33786n/Online-Examination-System-3411/database-script/README.md
2025-12-19 03:55:47,359 - Knowledge - INFO - Batch sizing: calculated=2, max_allowed=10, queue=2, active_workers=13/15
2025-12-19 03:55:47,436 - Knowledge - INFO - [WEBSOCKET] Sent: Type=progress_update, Size: 159, Duration: 0ms
2025-12-19 03:55:47,510 - Knowledge - INFO - knowledge worker kw16 start
2025-12-19 03:55:47,510 - Knowledge - INFO - Worker kw17 created using shared MongoDB connection pool
2025-12-19 03:55:47,596 - Knowledge - INFO - Fast-tracked /app/data/tataelxsimockapisolutions5451/3411/b33786n/Online-Examination-System-3411/OnlineExamSystem/Dashboard.aspx.designer.cs (small file (2951 bytes))
2025-12-19 03:55:47,739 - Knowledge - INFO - Fast-tracked /app/data/tataelxsimockapisolutions5451/3411/b33786n/Online-Examination-System-3411/OnlineExamSystem/Leaderboard.aspx.cs (ext=.cs, size=1907)
2025-12-19 03:55:47,907 - Knowledge - INFO - Fast-tracked /app/data/tataelxsimockapisolutions5451/3411/b33786n/Online-Examination-System-3411/OnlineExamSystem/AdminPanel.aspx.cs (ext=.cs, size=1165)
2025-12-19 03:55:47,986 - Knowledge - INFO - Worker kw12 processing /app/data/tataelxsimockapisolutions5451/3411/b33786n/Online-Examination-System-3411/OnlineExamSystem/EditTheory.aspx.cs
2025-12-19 03:55:48,082 - Knowledge - INFO - Fast-tracked /app/data/tataelxsimockapisolutions5451/3411/b33786n/Online-Examination-System-3411/database-script/README.md (ext=.md, size=45)
2025-12-19 03:55:48,291 - Knowledge - INFO - [WEBSOCKET] Sent: Type=unknown, Size: ?, Duration: 855ms
2025-12-19 03:55:48,526 - Knowledge - INFO - knowledge worker kw17 start
2025-12-19 03:55:48,527 - Knowledge - INFO - Worker kw18 created using shared MongoDB connection pool
2025-12-19 03:55:48,615 - Knowledge - INFO - Fast-tracked /app/data/tataelxsimockapisolutions5451/3411/b33786n/Online-Examination-System-3411/OnlineExamSystem/AdminCourseQueue.aspx.cs (small file (2960 bytes))
2025-12-19 03:55:48,792 - Knowledge - INFO - Worker kw11 processing /app/data/tataelxsimockapisolutions5451/3411/b33786n/Online-Examination-System-3411/OnlineExamSystem/DownloadPdf.aspx.designer.cs
2025-12-19 03:55:48,880 - Knowledge - INFO - Worker kw12 processing /app/data/tataelxsimockapisolutions5451/3411/b33786n/Online-Examination-System-3411/README.md
2025-12-19 03:55:49,005 - Knowledge - INFO - Worker kw13 processing /app/data/tataelxsimockapisolutions5451/3411/b33786n/Online-Examination-System-3411/packages/Microsoft.CodeDom.Providers.DotNetCompilerPlatform.1.0.0/lib/net45/Microsoft.CodeDom.Providers.DotNetCompilerPlatform.xml
2025-12-19 03:55:49,071 - Knowledge - INFO - Progress: 0.0% | Files: 0/50 | Rate: 0.00 files/sec | Queue: 0
2025-12-19 03:55:49,285 - Knowledge - INFO - knowledge worker kw18 start
2025-12-19 03:55:49,285 - Knowledge - INFO - Worker kw19 created using shared MongoDB connection pool
2025-12-19 03:55:49,301 - Knowledge - INFO - Fast-tracked /app/data/tataelxsimockapisolutions5451/3411/b33786n/Online-Examination-System-3411/OnlineExamSystem/AdminLeaderboard.aspx.cs (small file (2319 bytes))
2025-12-19 03:55:49,385 - Knowledge - INFO - Processing batch of 4 files
2025-12-19 03:55:49,555 - Knowledge - INFO - Fast-tracked /app/data/tataelxsimockapisolutions5451/3411/b33786n/Online-Examination-System-3411/README.md (ext=.md, size=1830)
2025-12-19 03:55:49,651 - Knowledge - INFO - Fast-tracked /app/data/tataelxsimockapisolutions5451/3411/b33786n/Online-Examination-System-3411/packages/Microsoft.CodeDom.Providers.DotNetCompilerPlatform.1.0.0/lib/net45/Microsoft.CodeDom.Providers.DotNetCompilerPlatform.xml (ext=.xml, size=1805)
2025-12-19 03:55:49,955 - Knowledge - INFO - knowledge worker kw19 start
2025-12-19 03:55:49,955 - Knowledge - INFO - Worker kw20 created using shared MongoDB connection pool
2025-12-19 03:55:50,194 - Knowledge - INFO - process ingested knowledge for /app/data/tataelxsimockapisolutions5451/3411/b33786n/Online-Examination-System-3411/OnlineExamSystem/Dashboard.aspx.designer.cs
2025-12-19 03:55:50,274 - Knowledge - INFO - Worker kw12 processing /app/data/tataelxsimockapisolutions5451/3411/b33786n/Online-Examination-System-3411/database-script/Online-Examination-System-Databse-Script.sql
2025-12-19 03:55:50,353 - Knowledge - INFO - Processing batch of 2 files
2025-12-19 03:55:50,441 - Knowledge - INFO - [WEBSOCKET] Sent: Type=progress_update, Size: 286, Duration: 0ms
2025-12-19 03:55:50,551 - Knowledge - INFO - knowledge worker kw20 start
2025-12-19 03:55:50,634 - Knowledge - INFO - process ingested knowledge for /app/data/tataelxsimockapisolutions5451/3411/b33786n/Online-Examination-System-3411/OnlineExamSystem/SetExam.aspx.cs
2025-12-19 03:55:50,818 - Knowledge - INFO - process ingested knowledge for /app/data/tataelxsimockapisolutions5451/3411/b33786n/Online-Examination-System-3411/database-script/README.md
2025-12-19 03:55:50,923 - Knowledge - INFO - [WEBSOCKET] Sent: Type=unknown, Size: ?, Duration: 482ms
2025-12-19 03:55:51,093 - Knowledge - INFO - process ingested knowledge for /app/data/tataelxsimockapisolutions5451/3411/b33786n/Online-Examination-System-3411/OnlineExamSystem/TakenCourses.aspx.cs
2025-12-19 03:55:51,197 - Knowledge - INFO - process ingested knowledge for /app/data/tataelxsimockapisolutions5451/3411/b33786n/Online-Examination-System-3411/packages/Microsoft.CodeDom.Providers.DotNetCompilerPlatform.1.0.0/lib/net45/Microsoft.CodeDom.Providers.DotNetCompilerPlatform.xml
2025-12-19 03:55:51,342 - Knowledge - INFO - Progress: 12.0% | Files: 6/50 | Rate: 0.28 files/sec | Queue: 0
2025-12-19 03:55:51,445 - Knowledge - INFO - process ingested knowledge for /app/data/tataelxsimockapisolutions5451/3411/b33786n/Online-Examination-System-3411/OnlineExamSystem/AdminCourseQueue.aspx.cs
2025-12-19 03:55:55,020 - Knowledge - INFO - Fast-tracked /app/data/tataelxsimockapisolutions5451/3411/b33786n/Online-Examination-System-3411/OnlineExamSystem/LoginPage.aspx.cs (small file (2323 bytes))
2025-12-19 03:56:00,678 - Knowledge - INFO - [LLM_CALL] Completed: TakenCourses.aspx.designer.cs:chunk1, Duration: 19747ms, PromptTokens: 2852, CompletionTokens: 307, Cost: $0.00041
2025-12-19 03:56:00,970 - Knowledge - INFO - done ingest for /app/data/tataelxsimockapisolutions5451/3411/b33786n/Online-Examination-System-3411/OnlineExamSystem/TakenCourses.aspx.designer.cs
2025-12-19 03:56:00,995 - Knowledge - INFO - [LLM_CALL] Completed: SignUpPage.aspx.designer.cs:chunk1, Duration: 20187ms, PromptTokens: 4528, CompletionTokens: 395, Cost: $0.00061
2025-12-19 03:56:01,235 - Knowledge - INFO - done ingest for /app/data/tataelxsimockapisolutions5451/3411/b33786n/Online-Examination-System-3411/OnlineExamSystem/SignUpPage.aspx.designer.cs
2025-12-19 03:56:01,680 - Knowledge - INFO - Fast-tracked /app/data/tataelxsimockapisolutions5451/3411/b33786n/Online-Examination-System-3411/database-script/Online-Examination-System-Databse-Script.sql (small file (0 bytes))
2025-12-19 03:56:03,067 - Knowledge - INFO - [LLM_CALL] Completed: ExamResult.aspx.cs:chunk1, Duration: 16096ms, PromptTokens: 2532, CompletionTokens: 457, Cost: $0.00044
2025-12-19 03:56:03,305 - Knowledge - INFO - done ingest for /app/data/tataelxsimockapisolutions5451/3411/b33786n/Online-Examination-System-3411/OnlineExamSystem/ExamResult.aspx.cs
2025-12-19 03:56:03,306 - Knowledge - INFO - [LLM_CALL] Completed: SetExam.aspx.designer.cs:chunk1, Duration: 20405ms, PromptTokens: 2322, CompletionTokens: 296, Cost: $0.00035
2025-12-19 03:56:03,695 - Knowledge - INFO - done ingest for /app/data/tataelxsimockapisolutions5451/3411/b33786n/Online-Examination-System-3411/OnlineExamSystem/SetExam.aspx.designer.cs
2025-12-19 03:56:04,260 - Knowledge - INFO - [LLM_CALL] Completed: AdminCourseQueue.aspx.designer.cs:chunk1, Duration: 14191ms, PromptTokens: 2334, CompletionTokens: 289, Cost: $0.00035
2025-12-19 03:56:04,488 - Knowledge - INFO - done ingest for /app/data/tataelxsimockapisolutions5451/3411/b33786n/Online-Examination-System-3411/OnlineExamSystem/AdminCourseQueue.aspx.designer.cs
2025-12-19 03:56:05,224 - Knowledge - INFO - Fast-tracked /app/data/tataelxsimockapisolutions5451/3411/b33786n/Online-Examination-System-3411/OnlineExamSystem/SignUpPage.aspx.cs (small file (2642 bytes))
2025-12-19 03:56:05,282 - Knowledge - INFO - [LLM_CALL] Completed: ShowAns.aspx.designer.cs:chunk1, Duration: 22453ms, PromptTokens: 9956, CompletionTokens: 603, Cost: $0.00124
2025-12-19 03:56:05,626 - Knowledge - INFO - done ingest for /app/data/tataelxsimockapisolutions5451/3411/b33786n/Online-Examination-System-3411/OnlineExamSystem/ShowAns.aspx.designer.cs
2025-12-19 03:56:05,634 - Knowledge - INFO - [LLM_CALL] Completed: TheoryExam.aspx.cs:chunk1, Duration: 17365ms, PromptTokens: 6522, CompletionTokens: 607, Cost: $0.00089
2025-12-19 03:56:06,050 - Knowledge - INFO - done ingest for /app/data/tataelxsimockapisolutions5451/3411/b33786n/Online-Examination-System-3411/OnlineExamSystem/TheoryExam.aspx.cs
2025-12-19 03:56:06,233 - Knowledge - INFO - Processing batch of 4 files
2025-12-19 03:56:06,526 - Knowledge - INFO - process ingested knowledge for /app/data/tataelxsimockapisolutions5451/3411/b33786n/Online-Examination-System-3411/OnlineExamSystem/DownloadPdf.aspx.cs
2025-12-19 03:56:06,672 - Knowledge - INFO - Processing batch of 4 files
2025-12-19 03:56:06,847 - Knowledge - INFO - process ingested knowledge for /app/data/tataelxsimockapisolutions5451/3411/b33786n/Online-Examination-System-3411/OnlineExamSystem/SignUpPage.aspx.designer.cs
2025-12-19 03:56:07,235 - Knowledge - INFO - process ingested knowledge for /app/data/tataelxsimockapisolutions5451/3411/b33786n/Online-Examination-System-3411/OnlineExamSystem/TakenCourses.aspx.designer.cs
2025-12-19 03:56:07,450 - Knowledge - INFO - process ingested knowledge for /app/data/tataelxsimockapisolutions5451/3411/b33786n/Online-Examination-System-3411/OnlineExamSystem/ShowAns.aspx.designer.cs
2025-12-19 03:56:07,630 - Knowledge - INFO - process ingested knowledge for /app/data/tataelxsimockapisolutions5451/3411/b33786n/Online-Examination-System-3411/OnlineExamSystem/SetExam.aspx.designer.cs
2025-12-19 03:56:07,757 - Knowledge - INFO - process ingested knowledge for /app/data/tataelxsimockapisolutions5451/3411/b33786n/Online-Examination-System-3411/OnlineExamSystem/ExamResult.aspx.cs
2025-12-19 03:56:07,989 - Knowledge - INFO - process ingested knowledge for /app/data/tataelxsimockapisolutions5451/3411/b33786n/Online-Examination-System-3411/OnlineExamSystem/TheoryExam.aspx.cs
2025-12-19 03:56:08,827 - Knowledge - INFO - [LLM_CALL] Completed: EditTheory.aspx.cs:chunk1, Duration: 17904ms, PromptTokens: 6822, CompletionTokens: 589, Cost: $0.00092
2025-12-19 03:56:09,032 - Knowledge - INFO - done ingest for /app/data/tataelxsimockapisolutions5451/3411/b33786n/Online-Examination-System-3411/OnlineExamSystem/EditTheory.aspx.cs
2025-12-19 03:56:09,041 - Knowledge - INFO - [LLM_CALL] Completed: TheorySet.aspx.designer.cs:chunk1, Duration: 24478ms, PromptTokens: 4396, CompletionTokens: 382, Cost: $0.00059
2025-12-19 03:56:09,275 - Knowledge - INFO - process ingested knowledge for /app/data/tataelxsimockapisolutions5451/3411/b33786n/Online-Examination-System-3411/OnlineExamSystem/LoginPage.aspx.cs
2025-12-19 03:56:09,492 - Knowledge - INFO - done ingest for /app/data/tataelxsimockapisolutions5451/3411/b33786n/Online-Examination-System-3411/OnlineExamSystem/TheorySet.aspx.designer.cs
2025-12-19 03:56:09,768 - Knowledge - INFO - Processing batch of 4 files
2025-12-19 03:56:10,077 - Knowledge - INFO - process ingested knowledge for /app/data/tataelxsimockapisolutions5451/3411/b33786n/Online-Examination-System-3411/OnlineExamSystem/EditExam.aspx.cs
2025-12-19 03:56:10,941 - Knowledge - INFO - process ingested knowledge for /app/data/tataelxsimockapisolutions5451/3411/b33786n/Online-Examination-System-3411/OnlineExamSystem/EditTheory.aspx.cs
2025-12-19 03:56:12,529 - Knowledge - INFO - process ingested knowledge for /app/data/tataelxsimockapisolutions5451/3411/b33786n/Online-Examination-System-3411/README.md
2025-12-19 03:56:12,602 - Knowledge - INFO - [WEBSOCKET] Sent: Type=progress_update, Size: 288, Duration: 0ms
2025-12-19 03:56:12,906 - Knowledge - INFO - [LLM_CALL] Completed: Leaderboard.aspx.designer.cs:chunk1, Duration: 29737ms, PromptTokens: 2332, CompletionTokens: 275, Cost: $0.00034
2025-12-19 03:56:12,959 - Knowledge - INFO - process ingested knowledge for /app/data/tataelxsimockapisolutions5451/3411/b33786n/Online-Examination-System-3411/database-script/Online-Examination-System-Databse-Script.sql
2025-12-19 03:56:13,161 - Knowledge - INFO - done ingest for /app/data/tataelxsimockapisolutions5451/3411/b33786n/Online-Examination-System-3411/OnlineExamSystem/Leaderboard.aspx.designer.cs
2025-12-19 03:56:13,167 - Knowledge - INFO - [WEBSOCKET] Sent: Type=unknown, Size: ?, Duration: 565ms
2025-12-19 03:56:13,723 - Knowledge - INFO - Progress: 36.0% | Files: 18/50 | Rate: 0.42 files/sec | Queue: 0
2025-12-19 03:56:14,959 - Knowledge - INFO - [LLM_CALL] Completed: EditMCQ.aspx.designer.cs:chunk1, Duration: 33256ms, PromptTokens: 2740, CompletionTokens: 346, Cost: $0.00041
2025-12-19 03:56:15,214 - Knowledge - INFO - done ingest for /app/data/tataelxsimockapisolutions5451/3411/b33786n/Online-Examination-System-3411/OnlineExamSystem/EditMCQ.aspx.designer.cs
2025-12-19 03:56:16,172 - Knowledge - INFO - [LLM_CALL] Completed: MCQSet.aspx.designer.cs:chunk1, Duration: 20724ms, PromptTokens: 5184, CompletionTokens: 427, Cost: $0.00069
2025-12-19 03:56:16,442 - Knowledge - INFO - done ingest for /app/data/tataelxsimockapisolutions5451/3411/b33786n/Online-Examination-System-3411/OnlineExamSystem/MCQSet.aspx.designer.cs
2025-12-19 03:56:17,087 - Knowledge - INFO - Processing batch of 4 files
2025-12-19 03:56:17,248 - Knowledge - INFO - [LLM_CALL] Completed: EditTheory.aspx.designer.cs:chunk1, Duration: 32210ms, PromptTokens: 2736, CompletionTokens: 329, Cost: $0.00041
2025-12-19 03:56:17,383 - Knowledge - INFO - process ingested knowledge for /app/data/tataelxsimockapisolutions5451/3411/b33786n/Online-Examination-System-3411/OnlineExamSystem/EditMCQ.aspx.designer.cs
2025-12-19 03:56:17,512 - Knowledge - INFO - done ingest for /app/data/tataelxsimockapisolutions5451/3411/b33786n/Online-Examination-System-3411/OnlineExamSystem/EditTheory.aspx.designer.cs
2025-12-19 03:56:17,738 - Knowledge - INFO - [WEBSOCKET] Sent: Type=progress_update, Size: 290, Duration: 0ms
2025-12-19 03:56:18,070 - Knowledge - INFO - process ingested knowledge for /app/data/tataelxsimockapisolutions5451/3411/b33786n/Online-Examination-System-3411/OnlineExamSystem/TheorySet.aspx.designer.cs
2025-12-19 03:56:18,276 - Knowledge - INFO - [LLM_CALL] Completed: AdminPanel.aspx.designer.cs:chunk1, Duration: 34243ms, PromptTokens: 2322, CompletionTokens: 278, Cost: $0.00034
2025-12-19 03:56:18,537 - Knowledge - INFO - done ingest for /app/data/tataelxsimockapisolutions5451/3411/b33786n/Online-Examination-System-3411/OnlineExamSystem/AdminPanel.aspx.designer.cs
2025-12-19 03:56:18,566 - Knowledge - INFO - [WEBSOCKET] Sent: Type=unknown, Size: ?, Duration: 828ms
2025-12-19 03:56:18,572 - Knowledge - INFO - process ingested knowledge for /app/data/tataelxsimockapisolutions5451/3411/b33786n/Online-Examination-System-3411/OnlineExamSystem/AdminLeaderboard.aspx.cs
2025-12-19 03:56:19,597 - Knowledge - INFO - Progress: 44.0% | Files: 22/50 | Rate: 0.45 files/sec | Queue: 0
2025-12-19 03:56:19,967 - Knowledge - INFO - [LLM_CALL] Completed: ShowAns.aspx.cs:chunk1, Duration: 26180ms, PromptTokens: 5282, CompletionTokens: 515, Cost: $0.00073
2025-12-19 03:56:20,275 - Knowledge - INFO - done ingest for /app/data/tataelxsimockapisolutions5451/3411/b33786n/Online-Examination-System-3411/OnlineExamSystem/ShowAns.aspx.cs
2025-12-19 03:56:20,327 - Knowledge - INFO - [LLM_CALL] Completed: TheoryExam.aspx.designer.cs:chunk1, Duration: 20348ms, PromptTokens: 7832, CompletionTokens: 505, Cost: $0.00099
2025-12-19 03:56:20,627 - Knowledge - INFO - process ingested knowledge for /app/data/tataelxsimockapisolutions5451/3411/b33786n/Online-Examination-System-3411/OnlineExamSystem/AdminCourseQueue.aspx.designer.cs
2025-12-19 03:56:20,656 - Knowledge - INFO - done ingest for /app/data/tataelxsimockapisolutions5451/3411/b33786n/Online-Examination-System-3411/OnlineExamSystem/TheoryExam.aspx.designer.cs
2025-12-19 03:56:20,680 - Knowledge - INFO - [LLM_CALL] Completed: EditExam.aspx.designer.cs:chunk1, Duration: 26106ms, PromptTokens: 2326, CompletionTokens: 286, Cost: $0.00035
2025-12-19 03:56:21,281 - Knowledge - INFO - done ingest for /app/data/tataelxsimockapisolutions5451/3411/b33786n/Online-Examination-System-3411/OnlineExamSystem/EditExam.aspx.designer.cs
2025-12-19 03:56:21,335 - Knowledge - INFO - Processing batch of 4 files
2025-12-19 03:56:21,858 - Knowledge - INFO - process ingested knowledge for /app/data/tataelxsimockapisolutions5451/3411/b33786n/Online-Examination-System-3411/OnlineExamSystem/UserProfile.aspx.cs
2025-12-19 03:56:22,792 - Knowledge - INFO - process ingested knowledge for /app/data/tataelxsimockapisolutions5451/3411/b33786n/Online-Examination-System-3411/OnlineExamSystem/EditTheory.aspx.designer.cs
2025-12-19 03:56:23,836 - Knowledge - INFO - [LLM_CALL] Completed: UserProfile.aspx.designer.cs:chunk1, Duration: 34762ms, PromptTokens: 4074, CompletionTokens: 345, Cost: $0.00055
2025-12-19 03:56:23,954 - Knowledge - INFO - process ingested knowledge for /app/data/tataelxsimockapisolutions5451/3411/b33786n/Online-Examination-System-3411/OnlineExamSystem/ShowAns.aspx.cs
2025-12-19 03:56:24,220 - Knowledge - INFO - done ingest for /app/data/tataelxsimockapisolutions5451/3411/b33786n/Online-Examination-System-3411/OnlineExamSystem/UserProfile.aspx.designer.cs
2025-12-19 03:56:24,229 - Knowledge - INFO - [LLM_CALL] Completed: StartExam.aspx.designer.cs:chunk1, Duration: 35157ms, PromptTokens: 3504, CompletionTokens: 359, Cost: $0.00049
2025-12-19 03:56:24,703 - Knowledge - INFO - done ingest for /app/data/tataelxsimockapisolutions5451/3411/b33786n/Online-Examination-System-3411/OnlineExamSystem/StartExam.aspx.designer.cs
2025-12-19 03:56:25,135 - Knowledge - INFO - process ingested knowledge for /app/data/tataelxsimockapisolutions5451/3411/b33786n/Online-Examination-System-3411/OnlineExamSystem/SignUpPage.aspx.cs
2025-12-19 03:56:25,675 - Knowledge - INFO - [LLM_CALL] Completed: MCQExam.aspx.cs:chunk1, Duration: 38604ms, PromptTokens: 5282, CompletionTokens: 576, Cost: $0.00076
2025-12-19 03:56:25,871 - Knowledge - INFO - done ingest for /app/data/tataelxsimockapisolutions5451/3411/b33786n/Online-Examination-System-3411/OnlineExamSystem/MCQExam.aspx.cs
2025-12-19 03:56:25,887 - Knowledge - INFO - [WEBSOCKET] Sent: Type=progress_update, Size: 289, Duration: 0ms
2025-12-19 03:56:26,266 - Knowledge - INFO - [LLM_CALL] Completed: EditMCQ.aspx.cs:chunk1, Duration: 33904ms, PromptTokens: 6828, CompletionTokens: 567, Cost: $0.00091
2025-12-19 03:56:26,478 - Knowledge - INFO - done ingest for /app/data/tataelxsimockapisolutions5451/3411/b33786n/Online-Examination-System-3411/OnlineExamSystem/EditMCQ.aspx.cs
2025-12-19 03:56:26,479 - Knowledge - INFO - Processing batch of 4 files
2025-12-19 03:56:26,480 - Knowledge - INFO - Processing batch of 4 files
2025-12-19 03:56:26,480 - Knowledge - INFO - [WEBSOCKET] Sent: Type=unknown, Size: ?, Duration: 593ms
2025-12-19 03:56:26,814 - Knowledge - INFO - process ingested knowledge for /app/data/tataelxsimockapisolutions5451/3411/b33786n/Online-Examination-System-3411/OnlineExamSystem/AdminPanel.aspx.designer.cs
2025-12-19 03:56:26,951 - Knowledge - INFO - process ingested knowledge for /app/data/tataelxsimockapisolutions5451/3411/b33786n/Online-Examination-System-3411/OnlineExamSystem/UserProfile.aspx.designer.cs
2025-12-19 03:56:27,069 - Knowledge - INFO - Progress: 62.0% | Files: 38/50 | Rate: 0.67 files/sec | Queue: 0
2025-12-19 03:56:27,070 - Knowledge - INFO - [LLM_CALL] Completed: AdminQueue.aspx.designer.cs:chunk1, Duration: 14548ms, PromptTokens: 2334, CompletionTokens: 293, Cost: $0.00035
2025-12-19 03:56:27,187 - Knowledge - INFO - process ingested knowledge for /app/data/tataelxsimockapisolutions5451/3411/b33786n/Online-Examination-System-3411/OnlineExamSystem/StartExam.aspx.designer.cs
2025-12-19 03:56:27,265 - Knowledge - INFO - process ingested knowledge for /app/data/tataelxsimockapisolutions5451/3411/b33786n/Online-Examination-System-3411/OnlineExamSystem/Properties/AssemblyInfo.cs
2025-12-19 03:56:27,433 - Knowledge - INFO - done ingest for /app/data/tataelxsimockapisolutions5451/3411/b33786n/Online-Examination-System-3411/OnlineExamSystem/AdminQueue.aspx.designer.cs
2025-12-19 03:56:27,434 - Knowledge - INFO - [LLM_CALL] Completed: DownloadPdf.aspx.designer.cs:chunk1, Duration: 17466ms, PromptTokens: 5036, CompletionTokens: 397, Cost: $0.00066
2025-12-19 03:56:27,554 - Knowledge - INFO - process ingested knowledge for /app/data/tataelxsimockapisolutions5451/3411/b33786n/Online-Examination-System-3411/OnlineExamSystem/Dashboard.aspx.cs
2025-12-19 03:56:27,625 - Knowledge - INFO - process ingested knowledge for /app/data/tataelxsimockapisolutions5451/3411/b33786n/Online-Examination-System-3411/OnlineExamSystem/TheoryExam.aspx.designer.cs
2025-12-19 03:56:27,824 - Knowledge - INFO - done ingest for /app/data/tataelxsimockapisolutions5451/3411/b33786n/Online-Examination-System-3411/OnlineExamSystem/DownloadPdf.aspx.designer.cs
2025-12-19 03:56:27,826 - Knowledge - INFO - Processing batch of 4 files
2025-12-19 03:56:27,834 - Knowledge - INFO - [LLM_CALL] Completed: MCQExam.aspx.designer.cs:chunk1, Duration: 42009ms, PromptTokens: 4736, CompletionTokens: 410, Cost: $0.00064
2025-12-19 03:56:27,921 - Knowledge - INFO - process ingested knowledge for /app/data/tataelxsimockapisolutions5451/3411/b33786n/Online-Examination-System-3411/OnlineExamSystem/EditExam.aspx.designer.cs
2025-12-19 03:56:27,995 - Knowledge - INFO - process ingested knowledge for /app/data/tataelxsimockapisolutions5451/3411/b33786n/Online-Examination-System-3411/OnlineExamSystem/Leaderboard.aspx.cs
2025-12-19 03:56:28,207 - Knowledge - INFO - process ingested knowledge for /app/data/tataelxsimockapisolutions5451/3411/b33786n/Online-Examination-System-3411/OnlineExamSystem/AdminQueue.aspx.cs
2025-12-19 03:56:28,318 - Knowledge - INFO - done ingest for /app/data/tataelxsimockapisolutions5451/3411/b33786n/Online-Examination-System-3411/OnlineExamSystem/MCQExam.aspx.designer.cs
2025-12-19 03:56:28,332 - Knowledge - INFO - [LLM_CALL] Completed: AdminLeaderboard.aspx.designer.cs:chunk1, Duration: 20432ms, PromptTokens: 2592, CompletionTokens: 314, Cost: $0.00038
2025-12-19 03:56:28,787 - Knowledge - INFO - process ingested knowledge for /app/data/tataelxsimockapisolutions5451/3411/b33786n/Online-Examination-System-3411/OnlineExamSystem/Leaderboard.aspx.designer.cs
2025-12-19 03:56:28,942 - Knowledge - INFO - done ingest for /app/data/tataelxsimockapisolutions5451/3411/b33786n/Online-Examination-System-3411/OnlineExamSystem/AdminLeaderboard.aspx.designer.cs
2025-12-19 03:56:28,942 - Knowledge - INFO - [LLM_CALL] Completed: ExamResult.aspx.designer.cs:chunk1, Duration: 39472ms, PromptTokens: 5788, CompletionTokens: 405, Cost: $0.00074
2025-12-19 03:56:29,364 - Knowledge - INFO - done ingest for /app/data/tataelxsimockapisolutions5451/3411/b33786n/Online-Examination-System-3411/OnlineExamSystem/ExamResult.aspx.designer.cs
2025-12-19 03:56:30,114 - Knowledge - INFO - [LLM_CALL] Completed: LoginPage.aspx.designer.cs:chunk1, Duration: 41829ms, PromptTokens: 2338, CompletionTokens: 275, Cost: $0.00034
2025-12-19 03:56:30,314 - Knowledge - INFO - process ingested knowledge for /app/data/tataelxsimockapisolutions5451/3411/b33786n/Online-Examination-System-3411/OnlineExamSystem/MCQExam.aspx.cs
2025-12-19 03:56:30,330 - Knowledge - INFO - done ingest for /app/data/tataelxsimockapisolutions5451/3411/b33786n/Online-Examination-System-3411/OnlineExamSystem/LoginPage.aspx.designer.cs
2025-12-19 03:56:30,599 - Knowledge - INFO - [LLM_CALL] Completed: TheorySet.aspx.cs:chunk1, Duration: 28343ms, PromptTokens: 8970, CompletionTokens: 613, Cost: $0.00114
2025-12-19 03:56:30,844 - Knowledge - INFO - done ingest for /app/data/tataelxsimockapisolutions5451/3411/b33786n/Online-Examination-System-3411/OnlineExamSystem/TheorySet.aspx.cs
2025-12-19 03:56:30,949 - Knowledge - INFO - process ingested knowledge for /app/data/tataelxsimockapisolutions5451/3411/b33786n/Online-Examination-System-3411/OnlineExamSystem/MCQSet.aspx.designer.cs
2025-12-19 03:56:31,831 - Knowledge - INFO - [LLM_CALL] Completed: StartExam.aspx.cs:chunk1, Duration: 32550ms, PromptTokens: 6630, CompletionTokens: 609, Cost: $0.00091
2025-12-19 03:56:32,151 - Knowledge - INFO - done ingest for /app/data/tataelxsimockapisolutions5451/3411/b33786n/Online-Examination-System-3411/OnlineExamSystem/StartExam.aspx.cs
2025-12-19 03:56:32,168 - Knowledge - INFO - [WEBSOCKET] Sent: Type=progress_update, Size: 270, Duration: 12ms
2025-12-19 03:56:32,477 - Knowledge - INFO - [LLM_CALL] Completed: MCQSet.aspx.cs:chunk1, Duration: 32411ms, PromptTokens: 9180, CompletionTokens: 645, Cost: $0.00118
2025-12-19 03:56:32,668 - Knowledge - INFO - done ingest for /app/data/tataelxsimockapisolutions5451/3411/b33786n/Online-Examination-System-3411/OnlineExamSystem/MCQSet.aspx.cs
2025-12-19 03:56:32,668 - Knowledge - INFO - Processing batch of 4 files
2025-12-19 03:56:32,669 - Knowledge - INFO - Processing batch of 4 files
2025-12-19 03:56:32,670 - Knowledge - INFO - [WEBSOCKET] Sent: Type=unknown, Size: ?, Duration: 514ms
2025-12-19 03:56:32,931 - Knowledge - INFO - process ingested knowledge for /app/data/tataelxsimockapisolutions5451/3411/b33786n/Online-Examination-System-3411/OnlineExamSystem/MCQExam.aspx.designer.cs
2025-12-19 03:56:33,023 - Knowledge - INFO - process ingested knowledge for /app/data/tataelxsimockapisolutions5451/3411/b33786n/Online-Examination-System-3411/OnlineExamSystem/ExamResult.aspx.designer.cs
2025-12-19 03:56:33,112 - Knowledge - INFO - Progress: 80.0% | Files: 50/50 | Rate: 0.80 files/sec | Queue: 0
2025-12-19 03:56:33,112 - Knowledge - INFO - Processing batch of 4 files
2025-12-19 03:56:33,241 - Knowledge - INFO - process ingested knowledge for /app/data/tataelxsimockapisolutions5451/3411/b33786n/Online-Examination-System-3411/OnlineExamSystem/CSS/bootstrap.css
2025-12-19 03:56:33,338 - Knowledge - INFO - process ingested knowledge for /app/data/tataelxsimockapisolutions5451/3411/b33786n/Online-Examination-System-3411/OnlineExamSystem/StartExam.aspx.cs
2025-12-19 03:56:33,553 - Knowledge - INFO - process ingested knowledge for /app/data/tataelxsimockapisolutions5451/3411/b33786n/Online-Examination-System-3411/OnlineExamSystem/LoginPage.aspx.designer.cs
2025-12-19 03:56:33,633 - Knowledge - INFO - process ingested knowledge for /app/data/tataelxsimockapisolutions5451/3411/b33786n/Online-Examination-System-3411/OnlineExamSystem/EditMCQ.aspx.cs
2025-12-19 03:56:33,740 - Knowledge - INFO - process ingested knowledge for /app/data/tataelxsimockapisolutions5451/3411/b33786n/Online-Examination-System-3411/OnlineExamSystem/AdminPanel.aspx.cs
2025-12-19 03:56:33,846 - Knowledge - INFO - process ingested knowledge for /app/data/tataelxsimockapisolutions5451/3411/b33786n/Online-Examination-System-3411/OnlineExamSystem/MCQSet.aspx.cs
2025-12-19 03:56:33,924 - Knowledge - INFO - process ingested knowledge for /app/data/tataelxsimockapisolutions5451/3411/b33786n/Online-Examination-System-3411/OnlineExamSystem/TheorySet.aspx.cs
2025-12-19 03:56:34,011 - Knowledge - INFO - process ingested knowledge for /app/data/tataelxsimockapisolutions5451/3411/b33786n/Online-Examination-System-3411/OnlineExamSystem/DownloadPdf.aspx.designer.cs
2025-12-19 03:56:34,161 - Knowledge - INFO - process ingested knowledge for /app/data/tataelxsimockapisolutions5451/3411/b33786n/Online-Examination-System-3411/OnlineExamSystem/AdminLeaderboard.aspx.designer.cs
2025-12-19 03:56:34,504 - Knowledge - INFO - process ingested knowledge for /app/data/tataelxsimockapisolutions5451/3411/b33786n/Online-Examination-System-3411/OnlineExamSystem/AdminQueue.aspx.designer.cs
2025-12-19 03:56:34,674 - Knowledge - INFO - [WEBSOCKET] Sent: Type=progress_update, Size: 270, Duration: 0ms
2025-12-19 03:56:34,863 - Knowledge - INFO - [WEBSOCKET] Sent: Type=unknown, Size: ?, Duration: 189ms
2025-12-19 03:56:35,050 - Knowledge - INFO - Progress: 100.0% | Files: 50/50 | Rate: 0.76 files/sec | Queue: 0
2025-12-19 03:56:35,271 - Knowledge - INFO - Knowledge creation complete
2025-12-19 03:56:35,448 - Knowledge - INFO - ==================================================
2025-12-19 03:56:35,621 - Knowledge - INFO - KNOWLEDGE GRAPH GENERATION PERFORMANCE SUMMARY
2025-12-19 03:56:35,798 - Knowledge - INFO - ==================================================
2025-12-19 03:56:35,962 - Knowledge - INFO - Total processing time: 66.52 seconds (1.11 minutes)
2025-12-19 03:56:36,148 - Knowledge - INFO - Files processed: 0
2025-12-19 03:56:36,399 - Knowledge - INFO - Processing rate: 0.00 files/second
2025-12-19 03:56:36,598 - Knowledge - INFO - 
[TIME_BREAKDOWN]
2025-12-19 03:56:36,770 - Knowledge - INFO - File Reading: 0.00s (0.0%)
2025-12-19 03:56:36,974 - Knowledge - INFO - LLM Processing: 807.11s (1213.3%)
2025-12-19 03:56:37,139 - Knowledge - INFO - MongoDB Operations: 0.00s (0.0%)
2025-12-19 03:56:37,299 - Knowledge - INFO - Redis Operations: 0.00s (0.0%)
2025-12-19 03:56:37,489 - Knowledge - INFO - WebSocket Communication: 4.04s (6.1%)
2025-12-19 03:56:37,695 - Knowledge - INFO - 
[LLM_STATS]
2025-12-19 03:56:37,864 - Knowledge - INFO - Total LLM calls: 30
2025-12-19 03:56:38,052 - Knowledge - INFO - Average LLM response time: 26904ms
2025-12-19 03:56:38,252 - Knowledge - INFO - Average prompt tokens: 4677.0
2025-12-19 03:56:38,444 - Knowledge - INFO - Average completion tokens: 423.1
2025-12-19 03:56:38,646 - Knowledge - INFO - Total prompt tokens: 140310
2025-12-19 03:56:38,793 - Knowledge - INFO - Total completion tokens: 12694
2025-12-19 03:56:38,967 - Knowledge - INFO - Total LLM cost: $0.0191
2025-12-19 03:56:39,115 - Knowledge - INFO - 
[DATABASE_STATS]
2025-12-19 03:56:39,327 - Knowledge - INFO - MongoDB operations: 0
2025-12-19 03:56:39,515 - Knowledge - INFO - Redis operations: 0
2025-12-19 03:56:39,689 - Knowledge - INFO - 
[COMMUNICATION_STATS]
2025-12-19 03:56:39,851 - Knowledge - INFO - WebSocket messages sent: 15
2025-12-19 03:56:40,015 - Knowledge - INFO - Average message size: 134.1 bytes
2025-12-19 03:56:40,476 - Knowledge - INFO - 
[WORKER_STATS]
2025-12-19 03:56:40,666 - Knowledge - INFO - 
[FILE_TYPE_STATS]
2025-12-19 03:56:40,893 - Knowledge - INFO - 
[SLOWEST_FILES]
2025-12-19 03:56:41,057 - Knowledge - INFO - ==================================================
2025-12-19 03:56:41,197 - Knowledge - INFO - ==================================================
2025-12-19 03:56:41,391 - Knowledge - INFO - KNOWLEDGE GRAPH GENERATION PERFORMANCE SUMMARY
2025-12-19 03:56:41,554 - Knowledge - INFO - ==================================================
2025-12-19 03:56:41,760 - Knowledge - INFO - Total processing time: 72.33 seconds (1.21 minutes)
2025-12-19 03:56:42,005 - Knowledge - INFO - Files processed: 50 of 50
2025-12-19 03:56:42,188 - Knowledge - INFO - Processing rate: 0.69 files/second
2025-12-19 03:56:42,399 - Knowledge - INFO - WebSocket messages sent: 7
2025-12-19 03:56:42,565 - Knowledge - INFO - MongoDB operations: 50
2025-12-19 03:56:42,727 - Knowledge - INFO - Average MongoDB ops per file: 1.00
2025-12-19 03:56:42,899 - Knowledge - INFO - LLM costs: $0.0191
2025-12-19 03:56:43,078 - Knowledge - INFO - Prompt tokens: 140310
2025-12-19 03:56:43,254 - Knowledge - INFO - Completion tokens: 12694
2025-12-19 03:56:43,473 - Knowledge - INFO - Updating org costs, total cost: 0.019108599999999996
2025-12-19 03:56:44,660 - Knowledge - INFO - [WEBSOCKET] Sent: Type=progress_update, Size: 267, Duration: 0ms
2025-12-19 03:56:44,811 - Knowledge - INFO - Saving knowledge to Redis...
2025-12-19 03:56:45,016 - Knowledge - INFO - Knowledge saved to Redis successfully
2025-12-22 06:39:37,410 - Knowledge - INFO - Created shared MongoDB connection pool
2025-12-22 06:39:37,741 - Knowledge - INFO - Starting Knowledge Graph processing with 20 threads
2025-12-22 06:39:37,907 - Knowledge - INFO - Initial configuration: chunk_size=65536, max_cache_size=500
2025-12-22 06:39:38,101 - Knowledge - INFO - Knowledge Graph concurrency configuration: workers=20, max_batch_size=10, max_concurrent_llm_calls=50
2025-12-22 06:39:39,036 - Knowledge - INFO - 🔍 _load_persisted_knowledge called - checking for Redis optimization
2025-12-22 06:39:39,195 - Knowledge - WARNING - ❌ load_from_redis method not found - Redis support not attached
2025-12-22 06:39:39,354 - Knowledge - INFO - load persisted knowledge: begin
2025-12-22 06:39:40,075 - Knowledge - INFO - Persisted knowledge files in /app/data/tataelxsimockapisolutions5451/1907/b3286zc/Online-Examination-System-3411/.knowledge have been renamed to use .json
2025-12-22 06:39:40,244 - Knowledge - INFO - Found code-base-name: https://github.com/kavia-common/Online-Examination-System-3411.git:kavia-master
2025-12-22 06:39:40,435 - Knowledge - INFO - Found code_base: <app.utils.kg_build.knowledge.KnowledgeCodeBase object at 0x7f8a77705e10>
2025-12-22 06:39:40,666 - Knowledge - INFO - Found code-base-name: https://github.com/kavia-common/Online-Examination-System-3411.git:kavia-master
2025-12-22 06:39:40,831 - Knowledge - INFO - Found code_base: <app.utils.kg_build.knowledge.KnowledgeCodeBase object at 0x7f8a77705e10>
2025-12-22 06:39:40,996 - Knowledge - INFO - persist ingested knowledge for /app/data/tataelxsimockapisolutions5451/1907/b3286zc/Online-Examination-System-3411/OnlineExamSystem/Properties/AssemblyInfo.cs
2025-12-22 06:39:41,322 - Knowledge - INFO - [MONGODB_OP] Completed: persist, Collection: file_info, Duration: 126ms
2025-12-22 06:39:42,417 - Knowledge - INFO - [REDIS_OP] Completed: store_embedding, Key: OnlineExamSystem/Properties/AssemblyInfo.cs, Duration: 922ms
2025-12-22 06:39:42,592 - Knowledge - INFO - persist search terms embedding for OnlineExamSystem/Properties/AssemblyInfo.cs
2025-12-22 06:39:42,777 - Knowledge - INFO - process ingested knowledge for /app/data/tataelxsimockapisolutions5451/1907/b3286zc/Online-Examination-System-3411/OnlineExamSystem/Properties/AssemblyInfo.cs
2025-12-22 06:39:42,962 - Knowledge - INFO - Found code-base-name: https://github.com/kavia-common/Online-Examination-System-3411.git:kavia-master
2025-12-22 06:39:43,149 - Knowledge - INFO - Found code_base: <app.utils.kg_build.knowledge.KnowledgeCodeBase object at 0x7f8a77705e10>
2025-12-22 06:39:43,400 - Knowledge - INFO - Found code-base-name: https://github.com/kavia-common/Online-Examination-System-3411.git:kavia-master
2025-12-22 06:39:43,574 - Knowledge - INFO - Found code_base: <app.utils.kg_build.knowledge.KnowledgeCodeBase object at 0x7f8a77705e10>
2025-12-22 06:39:43,747 - Knowledge - INFO - persist ingested knowledge for /app/data/tataelxsimockapisolutions5451/1907/b3286zc/Online-Examination-System-3411/OnlineExamSystem/AdminLeaderboard.aspx.cs
2025-12-22 06:39:43,993 - Knowledge - INFO - [MONGODB_OP] Completed: persist, Collection: file_info, Duration: 84ms
2025-12-22 06:39:44,418 - Knowledge - INFO - [REDIS_OP] Completed: store_embedding, Key: OnlineExamSystem/AdminLeaderboard.aspx.cs, Duration: 227ms
2025-12-22 06:39:44,576 - Knowledge - INFO - persist search terms embedding for OnlineExamSystem/AdminLeaderboard.aspx.cs
2025-12-22 06:39:44,761 - Knowledge - INFO - process ingested knowledge for /app/data/tataelxsimockapisolutions5451/1907/b3286zc/Online-Examination-System-3411/OnlineExamSystem/AdminLeaderboard.aspx.cs
2025-12-22 06:39:44,934 - Knowledge - INFO - Found code-base-name: https://github.com/kavia-common/Online-Examination-System-3411.git:kavia-master
2025-12-22 06:39:45,120 - Knowledge - INFO - Found code_base: <app.utils.kg_build.knowledge.KnowledgeCodeBase object at 0x7f8a77705e10>
2025-12-22 06:39:45,382 - Knowledge - INFO - Found code-base-name: https://github.com/kavia-common/Online-Examination-System-3411.git:kavia-master
2025-12-22 06:39:45,570 - Knowledge - INFO - Found code_base: <app.utils.kg_build.knowledge.KnowledgeCodeBase object at 0x7f8a77705e10>
2025-12-22 06:39:45,713 - Knowledge - INFO - persist ingested knowledge for /app/data/tataelxsimockapisolutions5451/1907/b3286zc/Online-Examination-System-3411/OnlineExamSystem/AdminCourseQueue.aspx.designer.cs
2025-12-22 06:39:45,974 - Knowledge - INFO - [MONGODB_OP] Completed: persist, Collection: file_info, Duration: 78ms
2025-12-22 06:39:46,466 - Knowledge - INFO - [REDIS_OP] Completed: store_embedding, Key: OnlineExamSystem/AdminCourseQueue.aspx.designer.cs, Duration: 260ms
2025-12-22 06:39:46,718 - Knowledge - INFO - persist search terms embedding for OnlineExamSystem/AdminCourseQueue.aspx.designer.cs
2025-12-22 06:39:46,900 - Knowledge - INFO - process ingested knowledge for /app/data/tataelxsimockapisolutions5451/1907/b3286zc/Online-Examination-System-3411/OnlineExamSystem/AdminCourseQueue.aspx.designer.cs
2025-12-22 06:39:47,056 - Knowledge - INFO - Found code-base-name: https://github.com/kavia-common/Online-Examination-System-3411.git:kavia-master
2025-12-22 06:39:47,246 - Knowledge - INFO - Found code_base: <app.utils.kg_build.knowledge.KnowledgeCodeBase object at 0x7f8a77705e10>
2025-12-22 06:39:47,453 - Knowledge - INFO - Found code-base-name: https://github.com/kavia-common/Online-Examination-System-3411.git:kavia-master
2025-12-22 06:39:47,611 - Knowledge - INFO - Found code_base: <app.utils.kg_build.knowledge.KnowledgeCodeBase object at 0x7f8a77705e10>
2025-12-22 06:39:47,794 - Knowledge - INFO - persist ingested knowledge for /app/data/tataelxsimockapisolutions5451/1907/b3286zc/Online-Examination-System-3411/OnlineExamSystem/AdminQueue.aspx.cs
2025-12-22 06:39:48,041 - Knowledge - INFO - [MONGODB_OP] Completed: persist, Collection: file_info, Duration: 89ms
2025-12-22 06:39:48,474 - Knowledge - INFO - [REDIS_OP] Completed: store_embedding, Key: OnlineExamSystem/AdminQueue.aspx.cs, Duration: 249ms
2025-12-22 06:39:48,679 - Knowledge - INFO - persist search terms embedding for OnlineExamSystem/AdminQueue.aspx.cs
2025-12-22 06:39:48,857 - Knowledge - INFO - process ingested knowledge for /app/data/tataelxsimockapisolutions5451/1907/b3286zc/Online-Examination-System-3411/OnlineExamSystem/AdminQueue.aspx.cs
2025-12-22 06:39:49,047 - Knowledge - INFO - Found code-base-name: https://github.com/kavia-common/Online-Examination-System-3411.git:kavia-master
2025-12-22 06:39:49,217 - Knowledge - INFO - Found code_base: <app.utils.kg_build.knowledge.KnowledgeCodeBase object at 0x7f8a77705e10>
2025-12-22 06:39:49,428 - Knowledge - INFO - Found code-base-name: https://github.com/kavia-common/Online-Examination-System-3411.git:kavia-master
2025-12-22 06:39:49,616 - Knowledge - INFO - Found code_base: <app.utils.kg_build.knowledge.KnowledgeCodeBase object at 0x7f8a77705e10>
2025-12-22 06:39:49,785 - Knowledge - INFO - persist ingested knowledge for /app/data/tataelxsimockapisolutions5451/1907/b3286zc/Online-Examination-System-3411/OnlineExamSystem/TheorySet.aspx.designer.cs
2025-12-22 06:39:50,045 - Knowledge - INFO - [MONGODB_OP] Completed: persist, Collection: file_info, Duration: 87ms
2025-12-22 06:39:50,705 - Knowledge - INFO - [REDIS_OP] Completed: store_embedding, Key: OnlineExamSystem/TheorySet.aspx.designer.cs, Duration: 496ms
2025-12-22 06:39:50,857 - Knowledge - INFO - persist search terms embedding for OnlineExamSystem/TheorySet.aspx.designer.cs
2025-12-22 06:39:51,012 - Knowledge - INFO - process ingested knowledge for /app/data/tataelxsimockapisolutions5451/1907/b3286zc/Online-Examination-System-3411/OnlineExamSystem/TheorySet.aspx.designer.cs
2025-12-22 06:39:51,183 - Knowledge - INFO - Found code-base-name: https://github.com/kavia-common/Online-Examination-System-3411.git:kavia-master
2025-12-22 06:39:51,403 - Knowledge - INFO - Found code_base: <app.utils.kg_build.knowledge.KnowledgeCodeBase object at 0x7f8a77705e10>
2025-12-22 06:39:51,621 - Knowledge - INFO - Found code-base-name: https://github.com/kavia-common/Online-Examination-System-3411.git:kavia-master
2025-12-22 06:39:51,778 - Knowledge - INFO - Found code_base: <app.utils.kg_build.knowledge.KnowledgeCodeBase object at 0x7f8a77705e10>
2025-12-22 06:39:51,972 - Knowledge - INFO - persist ingested knowledge for /app/data/tataelxsimockapisolutions5451/1907/b3286zc/Online-Examination-System-3411/OnlineExamSystem/EditMCQ.aspx.designer.cs
2025-12-22 06:39:52,209 - Knowledge - INFO - [MONGODB_OP] Completed: persist, Collection: file_info, Duration: 83ms
2025-12-22 06:39:52,729 - Knowledge - INFO - [REDIS_OP] Completed: store_embedding, Key: OnlineExamSystem/EditMCQ.aspx.designer.cs, Duration: 307ms
2025-12-22 06:39:52,898 - Knowledge - INFO - persist search terms embedding for OnlineExamSystem/EditMCQ.aspx.designer.cs
2025-12-22 06:39:53,061 - Knowledge - INFO - process ingested knowledge for /app/data/tataelxsimockapisolutions5451/1907/b3286zc/Online-Examination-System-3411/OnlineExamSystem/EditMCQ.aspx.designer.cs
2025-12-22 06:39:53,255 - Knowledge - INFO - Found code-base-name: https://github.com/kavia-common/Online-Examination-System-3411.git:kavia-master
2025-12-22 06:39:53,437 - Knowledge - INFO - Found code_base: <app.utils.kg_build.knowledge.KnowledgeCodeBase object at 0x7f8a77705e10>
2025-12-22 06:39:53,652 - Knowledge - INFO - Found code-base-name: https://github.com/kavia-common/Online-Examination-System-3411.git:kavia-master
2025-12-22 06:39:53,819 - Knowledge - INFO - Found code_base: <app.utils.kg_build.knowledge.KnowledgeCodeBase object at 0x7f8a77705e10>
2025-12-22 06:39:53,969 - Knowledge - INFO - persist ingested knowledge for /app/data/tataelxsimockapisolutions5451/1907/b3286zc/Online-Examination-System-3411/OnlineExamSystem/LoginPage.aspx.cs
2025-12-22 06:39:54,238 - Knowledge - INFO - [MONGODB_OP] Completed: persist, Collection: file_info, Duration: 98ms
2025-12-22 06:39:54,665 - Knowledge - INFO - [REDIS_OP] Completed: store_embedding, Key: OnlineExamSystem/LoginPage.aspx.cs, Duration: 239ms
2025-12-22 06:39:54,828 - Knowledge - INFO - persist search terms embedding for OnlineExamSystem/LoginPage.aspx.cs
2025-12-22 06:39:55,005 - Knowledge - INFO - process ingested knowledge for /app/data/tataelxsimockapisolutions5451/1907/b3286zc/Online-Examination-System-3411/OnlineExamSystem/LoginPage.aspx.cs
2025-12-22 06:39:55,216 - Knowledge - INFO - Found code-base-name: https://github.com/kavia-common/Online-Examination-System-3411.git:kavia-master
2025-12-22 06:39:55,401 - Knowledge - INFO - Found code_base: <app.utils.kg_build.knowledge.KnowledgeCodeBase object at 0x7f8a77705e10>
2025-12-22 06:39:55,642 - Knowledge - INFO - Found code-base-name: https://github.com/kavia-common/Online-Examination-System-3411.git:kavia-master
2025-12-22 06:39:55,852 - Knowledge - INFO - Found code_base: <app.utils.kg_build.knowledge.KnowledgeCodeBase object at 0x7f8a77705e10>
2025-12-22 06:39:56,034 - Knowledge - INFO - persist ingested knowledge for /app/data/tataelxsimockapisolutions5451/1907/b3286zc/Online-Examination-System-3411/database-script/Online-Examination-System-Databse-Script.sql
2025-12-22 06:39:56,277 - Knowledge - INFO - [MONGODB_OP] Completed: persist, Collection: file_info, Duration: 89ms
2025-12-22 06:39:56,689 - Knowledge - INFO - [REDIS_OP] Completed: store_embedding, Key: database-script/Online-Examination-System-Databse-Script.sql, Duration: 254ms
2025-12-22 06:39:56,885 - Knowledge - INFO - persist search terms embedding for database-script/Online-Examination-System-Databse-Script.sql
2025-12-22 06:39:57,123 - Knowledge - INFO - process ingested knowledge for /app/data/tataelxsimockapisolutions5451/1907/b3286zc/Online-Examination-System-3411/database-script/Online-Examination-System-Databse-Script.sql
2025-12-22 06:39:57,297 - Knowledge - INFO - Found code-base-name: https://github.com/kavia-common/Online-Examination-System-3411.git:kavia-master
2025-12-22 06:39:57,448 - Knowledge - INFO - Found code_base: <app.utils.kg_build.knowledge.KnowledgeCodeBase object at 0x7f8a77705e10>
2025-12-22 06:39:57,680 - Knowledge - INFO - Found code-base-name: https://github.com/kavia-common/Online-Examination-System-3411.git:kavia-master
2025-12-22 06:39:57,840 - Knowledge - INFO - Found code_base: <app.utils.kg_build.knowledge.KnowledgeCodeBase object at 0x7f8a77705e10>
2025-12-22 06:39:58,007 - Knowledge - INFO - persist ingested knowledge for /app/data/tataelxsimockapisolutions5451/1907/b3286zc/Online-Examination-System-3411/OnlineExamSystem/TheoryExam.aspx.cs
2025-12-22 06:39:58,293 - Knowledge - INFO - [MONGODB_OP] Completed: persist, Collection: file_info, Duration: 91ms
2025-12-22 06:39:58,681 - Knowledge - INFO - [REDIS_OP] Completed: store_embedding, Key: OnlineExamSystem/TheoryExam.aspx.cs, Duration: 212ms
2025-12-22 06:39:58,828 - Knowledge - INFO - persist search terms embedding for OnlineExamSystem/TheoryExam.aspx.cs
2025-12-22 06:39:59,005 - Knowledge - INFO - process ingested knowledge for /app/data/tataelxsimockapisolutions5451/1907/b3286zc/Online-Examination-System-3411/OnlineExamSystem/TheoryExam.aspx.cs
2025-12-22 06:39:59,193 - Knowledge - INFO - Found code-base-name: https://github.com/kavia-common/Online-Examination-System-3411.git:kavia-master
2025-12-22 06:39:59,390 - Knowledge - INFO - Found code_base: <app.utils.kg_build.knowledge.KnowledgeCodeBase object at 0x7f8a77705e10>
2025-12-22 06:39:59,617 - Knowledge - INFO - Found code-base-name: https://github.com/kavia-common/Online-Examination-System-3411.git:kavia-master
2025-12-22 06:39:59,771 - Knowledge - INFO - Found code_base: <app.utils.kg_build.knowledge.KnowledgeCodeBase object at 0x7f8a77705e10>
2025-12-22 06:39:59,964 - Knowledge - INFO - persist ingested knowledge for /app/data/tataelxsimockapisolutions5451/1907/b3286zc/Online-Examination-System-3411/OnlineExamSystem/TakenCourses.aspx.designer.cs
2025-12-22 06:40:00,278 - Knowledge - INFO - [MONGODB_OP] Completed: persist, Collection: file_info, Duration: 107ms
2025-12-22 06:40:00,740 - Knowledge - INFO - [REDIS_OP] Completed: store_embedding, Key: OnlineExamSystem/TakenCourses.aspx.designer.cs, Duration: 283ms
2025-12-22 06:40:00,978 - Knowledge - INFO - persist search terms embedding for OnlineExamSystem/TakenCourses.aspx.designer.cs
2025-12-22 06:40:01,150 - Knowledge - INFO - process ingested knowledge for /app/data/tataelxsimockapisolutions5451/1907/b3286zc/Online-Examination-System-3411/OnlineExamSystem/TakenCourses.aspx.designer.cs
2025-12-22 06:40:01,357 - Knowledge - INFO - Found code-base-name: https://github.com/kavia-common/Online-Examination-System-3411.git:kavia-master
2025-12-22 06:40:01,500 - Knowledge - INFO - Found code_base: <app.utils.kg_build.knowledge.KnowledgeCodeBase object at 0x7f8a77705e10>
2025-12-22 06:40:01,779 - Knowledge - INFO - Found code-base-name: https://github.com/kavia-common/Online-Examination-System-3411.git:kavia-master
2025-12-22 06:40:01,957 - Knowledge - INFO - Found code_base: <app.utils.kg_build.knowledge.KnowledgeCodeBase object at 0x7f8a77705e10>
2025-12-22 06:40:02,147 - Knowledge - INFO - persist ingested knowledge for /app/data/tataelxsimockapisolutions5451/1907/b3286zc/Online-Examination-System-3411/OnlineExamSystem/SetExam.aspx.designer.cs
2025-12-22 06:40:02,451 - Knowledge - INFO - [MONGODB_OP] Completed: persist, Collection: file_info, Duration: 117ms
2025-12-22 06:40:02,859 - Knowledge - INFO - [REDIS_OP] Completed: store_embedding, Key: OnlineExamSystem/SetExam.aspx.designer.cs, Duration: 239ms
2025-12-22 06:40:03,028 - Knowledge - INFO - persist search terms embedding for OnlineExamSystem/SetExam.aspx.designer.cs
2025-12-22 06:40:03,190 - Knowledge - INFO - process ingested knowledge for /app/data/tataelxsimockapisolutions5451/1907/b3286zc/Online-Examination-System-3411/OnlineExamSystem/SetExam.aspx.designer.cs
2025-12-22 06:40:03,343 - Knowledge - INFO - Found code-base-name: https://github.com/kavia-common/Online-Examination-System-3411.git:kavia-master
2025-12-22 06:40:03,521 - Knowledge - INFO - Found code_base: <app.utils.kg_build.knowledge.KnowledgeCodeBase object at 0x7f8a77705e10>
2025-12-22 06:40:03,757 - Knowledge - INFO - Found code-base-name: https://github.com/kavia-common/Online-Examination-System-3411.git:kavia-master
2025-12-22 06:40:03,916 - Knowledge - INFO - Found code_base: <app.utils.kg_build.knowledge.KnowledgeCodeBase object at 0x7f8a77705e10>
2025-12-22 06:40:04,094 - Knowledge - INFO - persist ingested knowledge for /app/data/tataelxsimockapisolutions5451/1907/b3286zc/Online-Examination-System-3411/OnlineExamSystem/ShowAns.aspx.designer.cs
2025-12-22 06:40:04,335 - Knowledge - INFO - [MONGODB_OP] Completed: persist, Collection: file_info, Duration: 93ms
2025-12-22 06:40:04,849 - Knowledge - INFO - [REDIS_OP] Completed: store_embedding, Key: OnlineExamSystem/ShowAns.aspx.designer.cs, Duration: 279ms
2025-12-22 06:40:05,038 - Knowledge - INFO - persist search terms embedding for OnlineExamSystem/ShowAns.aspx.designer.cs
2025-12-22 06:40:05,205 - Knowledge - INFO - process ingested knowledge for /app/data/tataelxsimockapisolutions5451/1907/b3286zc/Online-Examination-System-3411/OnlineExamSystem/ShowAns.aspx.designer.cs
2025-12-22 06:40:05,405 - Knowledge - INFO - Found code-base-name: https://github.com/kavia-common/Online-Examination-System-3411.git:kavia-master
2025-12-22 06:40:05,558 - Knowledge - INFO - Found code_base: <app.utils.kg_build.knowledge.KnowledgeCodeBase object at 0x7f8a77705e10>
2025-12-22 06:40:05,847 - Knowledge - INFO - Found code-base-name: https://github.com/kavia-common/Online-Examination-System-3411.git:kavia-master
2025-12-22 06:40:06,065 - Knowledge - INFO - Found code_base: <app.utils.kg_build.knowledge.KnowledgeCodeBase object at 0x7f8a77705e10>
2025-12-22 06:40:06,223 - Knowledge - INFO - persist ingested knowledge for /app/data/tataelxsimockapisolutions5451/1907/b3286zc/Online-Examination-System-3411/OnlineExamSystem/SignUpPage.aspx.designer.cs
2025-12-22 06:40:06,502 - Knowledge - INFO - [MONGODB_OP] Completed: persist, Collection: file_info, Duration: 102ms
2025-12-22 06:40:06,954 - Knowledge - INFO - [REDIS_OP] Completed: store_embedding, Key: OnlineExamSystem/SignUpPage.aspx.designer.cs, Duration: 259ms
2025-12-22 06:40:07,115 - Knowledge - INFO - persist search terms embedding for OnlineExamSystem/SignUpPage.aspx.designer.cs
2025-12-22 06:40:07,314 - Knowledge - INFO - process ingested knowledge for /app/data/tataelxsimockapisolutions5451/1907/b3286zc/Online-Examination-System-3411/OnlineExamSystem/SignUpPage.aspx.designer.cs
2025-12-22 06:40:07,523 - Knowledge - INFO - Found code-base-name: https://github.com/kavia-common/Online-Examination-System-3411.git:kavia-master
2025-12-22 06:40:07,667 - Knowledge - INFO - Found code_base: <app.utils.kg_build.knowledge.KnowledgeCodeBase object at 0x7f8a77705e10>
2025-12-22 06:40:07,943 - Knowledge - INFO - Found code-base-name: https://github.com/kavia-common/Online-Examination-System-3411.git:kavia-master
2025-12-22 06:40:08,132 - Knowledge - INFO - Found code_base: <app.utils.kg_build.knowledge.KnowledgeCodeBase object at 0x7f8a77705e10>
2025-12-22 06:40:08,308 - Knowledge - INFO - persist ingested knowledge for /app/data/tataelxsimockapisolutions5451/1907/b3286zc/Online-Examination-System-3411/OnlineExamSystem/DownloadPdf.aspx.cs
2025-12-22 06:40:08,613 - Knowledge - INFO - [MONGODB_OP] Completed: persist, Collection: file_info, Duration: 100ms
2025-12-22 06:40:09,074 - Knowledge - INFO - [REDIS_OP] Completed: store_embedding, Key: OnlineExamSystem/DownloadPdf.aspx.cs, Duration: 229ms
2025-12-22 06:40:09,265 - Knowledge - INFO - persist search terms embedding for OnlineExamSystem/DownloadPdf.aspx.cs
2025-12-22 06:40:09,467 - Knowledge - INFO - process ingested knowledge for /app/data/tataelxsimockapisolutions5451/1907/b3286zc/Online-Examination-System-3411/OnlineExamSystem/DownloadPdf.aspx.cs
2025-12-22 06:40:09,630 - Knowledge - INFO - Found code-base-name: https://github.com/kavia-common/Online-Examination-System-3411.git:kavia-master
2025-12-22 06:40:09,792 - Knowledge - INFO - Found code_base: <app.utils.kg_build.knowledge.KnowledgeCodeBase object at 0x7f8a77705e10>
2025-12-22 06:40:10,035 - Knowledge - INFO - Found code-base-name: https://github.com/kavia-common/Online-Examination-System-3411.git:kavia-master
2025-12-22 06:40:10,224 - Knowledge - INFO - Found code_base: <app.utils.kg_build.knowledge.KnowledgeCodeBase object at 0x7f8a77705e10>
2025-12-22 06:40:10,381 - Knowledge - INFO - persist ingested knowledge for /app/data/tataelxsimockapisolutions5451/1907/b3286zc/Online-Examination-System-3411/OnlineExamSystem/ExamResult.aspx.cs
2025-12-22 06:40:10,664 - Knowledge - INFO - [MONGODB_OP] Completed: persist, Collection: file_info, Duration: 95ms
2025-12-22 06:40:11,231 - Knowledge - INFO - [REDIS_OP] Completed: store_embedding, Key: OnlineExamSystem/ExamResult.aspx.cs, Duration: 385ms
2025-12-22 06:40:11,439 - Knowledge - INFO - persist search terms embedding for OnlineExamSystem/ExamResult.aspx.cs
2025-12-22 06:40:11,588 - Knowledge - INFO - process ingested knowledge for /app/data/tataelxsimockapisolutions5451/1907/b3286zc/Online-Examination-System-3411/OnlineExamSystem/ExamResult.aspx.cs
2025-12-22 06:40:11,825 - Knowledge - INFO - Found code-base-name: https://github.com/kavia-common/Online-Examination-System-3411.git:kavia-master
2025-12-22 06:40:11,986 - Knowledge - INFO - Found code_base: <app.utils.kg_build.knowledge.KnowledgeCodeBase object at 0x7f8a77705e10>
2025-12-22 06:40:12,272 - Knowledge - INFO - Found code-base-name: https://github.com/kavia-common/Online-Examination-System-3411.git:kavia-master
2025-12-22 06:40:12,479 - Knowledge - INFO - Found code_base: <app.utils.kg_build.knowledge.KnowledgeCodeBase object at 0x7f8a77705e10>
2025-12-22 06:40:12,693 - Knowledge - INFO - persist ingested knowledge for /app/data/tataelxsimockapisolutions5451/1907/b3286zc/Online-Examination-System-3411/OnlineExamSystem/EditTheory.aspx.designer.cs
2025-12-22 06:40:12,986 - Knowledge - INFO - [MONGODB_OP] Completed: persist, Collection: file_info, Duration: 86ms
2025-12-22 06:40:13,404 - Knowledge - INFO - [REDIS_OP] Completed: store_embedding, Key: OnlineExamSystem/EditTheory.aspx.designer.cs, Duration: 256ms
2025-12-22 06:40:13,588 - Knowledge - INFO - persist search terms embedding for OnlineExamSystem/EditTheory.aspx.designer.cs
2025-12-22 06:40:13,769 - Knowledge - INFO - process ingested knowledge for /app/data/tataelxsimockapisolutions5451/1907/b3286zc/Online-Examination-System-3411/OnlineExamSystem/EditTheory.aspx.designer.cs
2025-12-22 06:40:13,967 - Knowledge - INFO - Found code-base-name: https://github.com/kavia-common/Online-Examination-System-3411.git:kavia-master
2025-12-22 06:40:14,208 - Knowledge - INFO - Found code_base: <app.utils.kg_build.knowledge.KnowledgeCodeBase object at 0x7f8a77705e10>
2025-12-22 06:40:14,507 - Knowledge - INFO - Found code-base-name: https://github.com/kavia-common/Online-Examination-System-3411.git:kavia-master
2025-12-22 06:40:14,664 - Knowledge - INFO - Found code_base: <app.utils.kg_build.knowledge.KnowledgeCodeBase object at 0x7f8a77705e10>
2025-12-22 06:40:14,863 - Knowledge - INFO - persist ingested knowledge for /app/data/tataelxsimockapisolutions5451/1907/b3286zc/Online-Examination-System-3411/OnlineExamSystem/EditExam.aspx.designer.cs
2025-12-22 06:40:15,145 - Knowledge - INFO - [MONGODB_OP] Completed: persist, Collection: file_info, Duration: 90ms
2025-12-22 06:40:15,483 - Knowledge - INFO - [REDIS_OP] Completed: store_embedding, Key: OnlineExamSystem/EditExam.aspx.designer.cs, Duration: 192ms
2025-12-22 06:40:15,688 - Knowledge - INFO - persist search terms embedding for OnlineExamSystem/EditExam.aspx.designer.cs
2025-12-22 06:40:15,842 - Knowledge - INFO - process ingested knowledge for /app/data/tataelxsimockapisolutions5451/1907/b3286zc/Online-Examination-System-3411/OnlineExamSystem/EditExam.aspx.designer.cs
2025-12-22 06:40:16,043 - Knowledge - INFO - Found code-base-name: https://github.com/kavia-common/Online-Examination-System-3411.git:kavia-master
2025-12-22 06:40:16,243 - Knowledge - INFO - Found code_base: <app.utils.kg_build.knowledge.KnowledgeCodeBase object at 0x7f8a77705e10>
2025-12-22 06:40:16,503 - Knowledge - INFO - Found code-base-name: https://github.com/kavia-common/Online-Examination-System-3411.git:kavia-master
2025-12-22 06:40:16,704 - Knowledge - INFO - Found code_base: <app.utils.kg_build.knowledge.KnowledgeCodeBase object at 0x7f8a77705e10>
2025-12-22 06:40:16,890 - Knowledge - INFO - persist ingested knowledge for /app/data/tataelxsimockapisolutions5451/1907/b3286zc/Online-Examination-System-3411/OnlineExamSystem/UserProfile.aspx.cs
2025-12-22 06:40:17,139 - Knowledge - INFO - [MONGODB_OP] Completed: persist, Collection: file_info, Duration: 85ms
2025-12-22 06:40:17,540 - Knowledge - INFO - [REDIS_OP] Completed: store_embedding, Key: OnlineExamSystem/UserProfile.aspx.cs, Duration: 235ms
2025-12-22 06:40:17,736 - Knowledge - INFO - persist search terms embedding for OnlineExamSystem/UserProfile.aspx.cs
2025-12-22 06:40:17,926 - Knowledge - INFO - process ingested knowledge for /app/data/tataelxsimockapisolutions5451/1907/b3286zc/Online-Examination-System-3411/OnlineExamSystem/UserProfile.aspx.cs
2025-12-22 06:40:18,115 - Knowledge - INFO - Found code-base-name: https://github.com/kavia-common/Online-Examination-System-3411.git:kavia-master
2025-12-22 06:40:18,273 - Knowledge - INFO - Found code_base: <app.utils.kg_build.knowledge.KnowledgeCodeBase object at 0x7f8a77705e10>
2025-12-22 06:40:18,536 - Knowledge - INFO - Found code-base-name: https://github.com/kavia-common/Online-Examination-System-3411.git:kavia-master
2025-12-22 06:40:18,707 - Knowledge - INFO - Found code_base: <app.utils.kg_build.knowledge.KnowledgeCodeBase object at 0x7f8a77705e10>
2025-12-22 06:40:18,869 - Knowledge - INFO - persist ingested knowledge for /app/data/tataelxsimockapisolutions5451/1907/b3286zc/Online-Examination-System-3411/OnlineExamSystem/Dashboard.aspx.cs
2025-12-22 06:40:19,132 - Knowledge - INFO - [MONGODB_OP] Completed: persist, Collection: file_info, Duration: 91ms
2025-12-22 06:40:19,534 - Knowledge - INFO - [REDIS_OP] Completed: store_embedding, Key: OnlineExamSystem/Dashboard.aspx.cs, Duration: 225ms
2025-12-22 06:40:19,736 - Knowledge - INFO - persist search terms embedding for OnlineExamSystem/Dashboard.aspx.cs
2025-12-22 06:40:19,929 - Knowledge - INFO - process ingested knowledge for /app/data/tataelxsimockapisolutions5451/1907/b3286zc/Online-Examination-System-3411/OnlineExamSystem/Dashboard.aspx.cs
2025-12-22 06:40:20,117 - Knowledge - INFO - Found code-base-name: https://github.com/kavia-common/Online-Examination-System-3411.git:kavia-master
2025-12-22 06:40:20,307 - Knowledge - INFO - Found code_base: <app.utils.kg_build.knowledge.KnowledgeCodeBase object at 0x7f8a77705e10>
2025-12-22 06:40:20,512 - Knowledge - INFO - Found code-base-name: https://github.com/kavia-common/Online-Examination-System-3411.git:kavia-master
2025-12-22 06:40:20,682 - Knowledge - INFO - Found code_base: <app.utils.kg_build.knowledge.KnowledgeCodeBase object at 0x7f8a77705e10>
2025-12-22 06:40:20,906 - Knowledge - INFO - persist ingested knowledge for /app/data/tataelxsimockapisolutions5451/1907/b3286zc/Online-Examination-System-3411/OnlineExamSystem/StartExam.aspx.designer.cs
2025-12-22 06:40:21,165 - Knowledge - INFO - [MONGODB_OP] Completed: persist, Collection: file_info, Duration: 85ms
2025-12-22 06:40:21,662 - Knowledge - INFO - [REDIS_OP] Completed: store_embedding, Key: OnlineExamSystem/StartExam.aspx.designer.cs, Duration: 278ms
2025-12-22 06:40:21,841 - Knowledge - INFO - persist search terms embedding for OnlineExamSystem/StartExam.aspx.designer.cs
2025-12-22 06:40:21,990 - Knowledge - INFO - process ingested knowledge for /app/data/tataelxsimockapisolutions5451/1907/b3286zc/Online-Examination-System-3411/OnlineExamSystem/StartExam.aspx.designer.cs
2025-12-22 06:40:22,177 - Knowledge - INFO - Found code-base-name: https://github.com/kavia-common/Online-Examination-System-3411.git:kavia-master
2025-12-22 06:40:22,387 - Knowledge - INFO - Found code_base: <app.utils.kg_build.knowledge.KnowledgeCodeBase object at 0x7f8a77705e10>
2025-12-22 06:40:22,616 - Knowledge - INFO - Found code-base-name: https://github.com/kavia-common/Online-Examination-System-3411.git:kavia-master
2025-12-22 06:40:22,782 - Knowledge - INFO - Found code_base: <app.utils.kg_build.knowledge.KnowledgeCodeBase object at 0x7f8a77705e10>
2025-12-22 06:40:22,944 - Knowledge - INFO - persist ingested knowledge for /app/data/tataelxsimockapisolutions5451/1907/b3286zc/Online-Examination-System-3411/OnlineExamSystem/AdminPanel.aspx.designer.cs
2025-12-22 06:40:23,211 - Knowledge - INFO - [MONGODB_OP] Completed: persist, Collection: file_info, Duration: 98ms
2025-12-22 06:40:23,583 - Knowledge - INFO - [REDIS_OP] Completed: store_embedding, Key: OnlineExamSystem/AdminPanel.aspx.designer.cs, Duration: 220ms
2025-12-22 06:40:23,752 - Knowledge - INFO - persist search terms embedding for OnlineExamSystem/AdminPanel.aspx.designer.cs
2025-12-22 06:40:23,927 - Knowledge - INFO - process ingested knowledge for /app/data/tataelxsimockapisolutions5451/1907/b3286zc/Online-Examination-System-3411/OnlineExamSystem/AdminPanel.aspx.designer.cs
2025-12-22 06:40:24,135 - Knowledge - INFO - Found code-base-name: https://github.com/kavia-common/Online-Examination-System-3411.git:kavia-master
2025-12-22 06:40:24,336 - Knowledge - INFO - Found code_base: <app.utils.kg_build.knowledge.KnowledgeCodeBase object at 0x7f8a77705e10>
2025-12-22 06:40:24,597 - Knowledge - INFO - Found code-base-name: https://github.com/kavia-common/Online-Examination-System-3411.git:kavia-master
2025-12-22 06:40:24,756 - Knowledge - INFO - Found code_base: <app.utils.kg_build.knowledge.KnowledgeCodeBase object at 0x7f8a77705e10>
2025-12-22 06:40:24,903 - Knowledge - INFO - persist ingested knowledge for /app/data/tataelxsimockapisolutions5451/1907/b3286zc/Online-Examination-System-3411/packages/Microsoft.CodeDom.Providers.DotNetCompilerPlatform.1.0.0/lib/net45/Microsoft.CodeDom.Providers.DotNetCompilerPlatform.xml
2025-12-22 06:40:25,163 - Knowledge - INFO - [MONGODB_OP] Completed: persist, Collection: file_info, Duration: 72ms
2025-12-22 06:40:25,818 - Knowledge - INFO - [REDIS_OP] Completed: store_embedding, Key: packages/Microsoft.CodeDom.Providers.DotNetCompilerPlatform.1.0.0/lib/net45/Microsoft.CodeDom.Providers.DotNetCompilerPlatform.xml, Duration: 474ms
2025-12-22 06:40:26,008 - Knowledge - INFO - persist search terms embedding for packages/Microsoft.CodeDom.Providers.DotNetCompilerPlatform.1.0.0/lib/net45/Microsoft.CodeDom.Providers.DotNetCompilerPlatform.xml
2025-12-22 06:40:26,169 - Knowledge - INFO - process ingested knowledge for /app/data/tataelxsimockapisolutions5451/1907/b3286zc/Online-Examination-System-3411/packages/Microsoft.CodeDom.Providers.DotNetCompilerPlatform.1.0.0/lib/net45/Microsoft.CodeDom.Providers.DotNetCompilerPlatform.xml
2025-12-22 06:40:26,349 - Knowledge - INFO - Found code-base-name: https://github.com/kavia-common/Online-Examination-System-3411.git:kavia-master
2025-12-22 06:40:26,517 - Knowledge - INFO - Found code_base: <app.utils.kg_build.knowledge.KnowledgeCodeBase object at 0x7f8a77705e10>
2025-12-22 06:40:26,767 - Knowledge - INFO - Found code-base-name: https://github.com/kavia-common/Online-Examination-System-3411.git:kavia-master
2025-12-22 06:40:26,911 - Knowledge - INFO - Found code_base: <app.utils.kg_build.knowledge.KnowledgeCodeBase object at 0x7f8a77705e10>
2025-12-22 06:40:27,083 - Knowledge - INFO - persist ingested knowledge for /app/data/tataelxsimockapisolutions5451/1907/b3286zc/Online-Examination-System-3411/OnlineExamSystem/Leaderboard.aspx.designer.cs
2025-12-22 06:40:27,332 - Knowledge - INFO - [MONGODB_OP] Completed: persist, Collection: file_info, Duration: 87ms
2025-12-22 06:40:27,759 - Knowledge - INFO - [REDIS_OP] Completed: store_embedding, Key: OnlineExamSystem/Leaderboard.aspx.designer.cs, Duration: 262ms
2025-12-22 06:40:27,962 - Knowledge - INFO - persist search terms embedding for OnlineExamSystem/Leaderboard.aspx.designer.cs
2025-12-22 06:40:28,128 - Knowledge - INFO - process ingested knowledge for /app/data/tataelxsimockapisolutions5451/1907/b3286zc/Online-Examination-System-3411/OnlineExamSystem/Leaderboard.aspx.designer.cs
2025-12-22 06:40:28,301 - Knowledge - INFO - Found code-base-name: https://github.com/kavia-common/Online-Examination-System-3411.git:kavia-master
2025-12-22 06:40:28,459 - Knowledge - INFO - Found code_base: <app.utils.kg_build.knowledge.KnowledgeCodeBase object at 0x7f8a77705e10>
2025-12-22 06:40:28,731 - Knowledge - INFO - Found code-base-name: https://github.com/kavia-common/Online-Examination-System-3411.git:kavia-master
2025-12-22 06:40:28,941 - Knowledge - INFO - Found code_base: <app.utils.kg_build.knowledge.KnowledgeCodeBase object at 0x7f8a77705e10>
2025-12-22 06:40:29,136 - Knowledge - INFO - persist ingested knowledge for /app/data/tataelxsimockapisolutions5451/1907/b3286zc/Online-Examination-System-3411/OnlineExamSystem/MCQSet.aspx.designer.cs
2025-12-22 06:40:29,409 - Knowledge - INFO - [MONGODB_OP] Completed: persist, Collection: file_info, Duration: 88ms
2025-12-22 06:40:29,900 - Knowledge - INFO - [REDIS_OP] Completed: store_embedding, Key: OnlineExamSystem/MCQSet.aspx.designer.cs, Duration: 265ms
2025-12-22 06:40:30,094 - Knowledge - INFO - persist search terms embedding for OnlineExamSystem/MCQSet.aspx.designer.cs
2025-12-22 06:40:30,290 - Knowledge - INFO - process ingested knowledge for /app/data/tataelxsimockapisolutions5451/1907/b3286zc/Online-Examination-System-3411/OnlineExamSystem/MCQSet.aspx.designer.cs
2025-12-22 06:40:30,500 - Knowledge - INFO - Found code-base-name: https://github.com/kavia-common/Online-Examination-System-3411.git:kavia-master
2025-12-22 06:40:30,655 - Knowledge - INFO - Found code_base: <app.utils.kg_build.knowledge.KnowledgeCodeBase object at 0x7f8a77705e10>
2025-12-22 06:40:30,975 - Knowledge - INFO - Found code-base-name: https://github.com/kavia-common/Online-Examination-System-3411.git:kavia-master
2025-12-22 06:40:31,161 - Knowledge - INFO - Found code_base: <app.utils.kg_build.knowledge.KnowledgeCodeBase object at 0x7f8a77705e10>
2025-12-22 06:40:31,320 - Knowledge - INFO - persist ingested knowledge for /app/data/tataelxsimockapisolutions5451/1907/b3286zc/Online-Examination-System-3411/OnlineExamSystem/MCQExam.aspx.cs
2025-12-22 06:40:31,625 - Knowledge - INFO - [MONGODB_OP] Completed: persist, Collection: file_info, Duration: 90ms
2025-12-22 06:40:32,062 - Knowledge - INFO - [REDIS_OP] Completed: store_embedding, Key: OnlineExamSystem/MCQExam.aspx.cs, Duration: 280ms
2025-12-22 06:40:32,232 - Knowledge - INFO - persist search terms embedding for OnlineExamSystem/MCQExam.aspx.cs
2025-12-22 06:40:32,392 - Knowledge - INFO - process ingested knowledge for /app/data/tataelxsimockapisolutions5451/1907/b3286zc/Online-Examination-System-3411/OnlineExamSystem/MCQExam.aspx.cs
2025-12-22 06:40:32,601 - Knowledge - INFO - Found code-base-name: https://github.com/kavia-common/Online-Examination-System-3411.git:kavia-master
2025-12-22 06:40:32,809 - Knowledge - INFO - Found code_base: <app.utils.kg_build.knowledge.KnowledgeCodeBase object at 0x7f8a77705e10>
2025-12-22 06:40:33,098 - Knowledge - INFO - Found code-base-name: https://github.com/kavia-common/Online-Examination-System-3411.git:kavia-master
2025-12-22 06:40:33,273 - Knowledge - INFO - Found code_base: <app.utils.kg_build.knowledge.KnowledgeCodeBase object at 0x7f8a77705e10>
2025-12-22 06:40:33,427 - Knowledge - INFO - persist ingested knowledge for /app/data/tataelxsimockapisolutions5451/1907/b3286zc/Online-Examination-System-3411/OnlineExamSystem/AdminCourseQueue.aspx.cs
2025-12-22 06:40:33,703 - Knowledge - INFO - [MONGODB_OP] Completed: persist, Collection: file_info, Duration: 106ms
2025-12-22 06:40:34,144 - Knowledge - INFO - [REDIS_OP] Completed: store_embedding, Key: OnlineExamSystem/AdminCourseQueue.aspx.cs, Duration: 245ms
2025-12-22 06:40:34,330 - Knowledge - INFO - persist search terms embedding for OnlineExamSystem/AdminCourseQueue.aspx.cs
2025-12-22 06:40:34,513 - Knowledge - INFO - process ingested knowledge for /app/data/tataelxsimockapisolutions5451/1907/b3286zc/Online-Examination-System-3411/OnlineExamSystem/AdminCourseQueue.aspx.cs
2025-12-22 06:40:34,708 - Knowledge - INFO - Found code-base-name: https://github.com/kavia-common/Online-Examination-System-3411.git:kavia-master
2025-12-22 06:40:34,914 - Knowledge - INFO - Found code_base: <app.utils.kg_build.knowledge.KnowledgeCodeBase object at 0x7f8a77705e10>
2025-12-22 06:40:35,200 - Knowledge - INFO - Found code-base-name: https://github.com/kavia-common/Online-Examination-System-3411.git:kavia-master
2025-12-22 06:40:35,408 - Knowledge - INFO - Found code_base: <app.utils.kg_build.knowledge.KnowledgeCodeBase object at 0x7f8a77705e10>
2025-12-22 06:40:35,565 - Knowledge - INFO - persist ingested knowledge for /app/data/tataelxsimockapisolutions5451/1907/b3286zc/Online-Examination-System-3411/OnlineExamSystem/CSS/bootstrap.css
2025-12-22 06:40:35,823 - Knowledge - INFO - [MONGODB_OP] Completed: persist, Collection: file_info, Duration: 110ms
2025-12-22 06:40:36,321 - Knowledge - INFO - [REDIS_OP] Completed: store_embedding, Key: OnlineExamSystem/CSS/bootstrap.css, Duration: 330ms
2025-12-22 06:40:36,465 - Knowledge - INFO - persist search terms embedding for OnlineExamSystem/CSS/bootstrap.css
2025-12-22 06:40:36,661 - Knowledge - INFO - process ingested knowledge for /app/data/tataelxsimockapisolutions5451/1907/b3286zc/Online-Examination-System-3411/OnlineExamSystem/CSS/bootstrap.css
2025-12-22 06:40:36,873 - Knowledge - INFO - Found code-base-name: https://github.com/kavia-common/Online-Examination-System-3411.git:kavia-master
2025-12-22 06:40:37,079 - Knowledge - INFO - Found code_base: <app.utils.kg_build.knowledge.KnowledgeCodeBase object at 0x7f8a77705e10>
2025-12-22 06:40:37,316 - Knowledge - INFO - Found code-base-name: https://github.com/kavia-common/Online-Examination-System-3411.git:kavia-master
2025-12-22 06:40:37,551 - Knowledge - INFO - Found code_base: <app.utils.kg_build.knowledge.KnowledgeCodeBase object at 0x7f8a77705e10>
2025-12-22 06:40:37,742 - Knowledge - INFO - persist ingested knowledge for /app/data/tataelxsimockapisolutions5451/1907/b3286zc/Online-Examination-System-3411/OnlineExamSystem/UserProfile.aspx.designer.cs
2025-12-22 06:40:38,002 - Knowledge - INFO - [MONGODB_OP] Completed: persist, Collection: file_info, Duration: 90ms
2025-12-22 06:40:38,392 - Knowledge - INFO - [REDIS_OP] Completed: store_embedding, Key: OnlineExamSystem/UserProfile.aspx.designer.cs, Duration: 223ms
2025-12-22 06:40:38,578 - Knowledge - INFO - persist search terms embedding for OnlineExamSystem/UserProfile.aspx.designer.cs
2025-12-22 06:40:38,755 - Knowledge - INFO - process ingested knowledge for /app/data/tataelxsimockapisolutions5451/1907/b3286zc/Online-Examination-System-3411/OnlineExamSystem/UserProfile.aspx.designer.cs
2025-12-22 06:40:38,958 - Knowledge - INFO - Found code-base-name: https://github.com/kavia-common/Online-Examination-System-3411.git:kavia-master
2025-12-22 06:40:39,143 - Knowledge - INFO - Found code_base: <app.utils.kg_build.knowledge.KnowledgeCodeBase object at 0x7f8a77705e10>
2025-12-22 06:40:39,393 - Knowledge - INFO - Found code-base-name: https://github.com/kavia-common/Online-Examination-System-3411.git:kavia-master
2025-12-22 06:40:39,633 - Knowledge - INFO - Found code_base: <app.utils.kg_build.knowledge.KnowledgeCodeBase object at 0x7f8a77705e10>
2025-12-22 06:40:39,853 - Knowledge - INFO - persist ingested knowledge for /app/data/tataelxsimockapisolutions5451/1907/b3286zc/Online-Examination-System-3411/OnlineExamSystem/Dashboard.aspx.designer.cs
2025-12-22 06:40:40,144 - Knowledge - INFO - [MONGODB_OP] Completed: persist, Collection: file_info, Duration: 95ms
2025-12-22 06:40:40,544 - Knowledge - INFO - [REDIS_OP] Completed: store_embedding, Key: OnlineExamSystem/Dashboard.aspx.designer.cs, Duration: 238ms
2025-12-22 06:40:40,706 - Knowledge - INFO - persist search terms embedding for OnlineExamSystem/Dashboard.aspx.designer.cs
2025-12-22 06:40:40,881 - Knowledge - INFO - process ingested knowledge for /app/data/tataelxsimockapisolutions5451/1907/b3286zc/Online-Examination-System-3411/OnlineExamSystem/Dashboard.aspx.designer.cs
2025-12-22 06:40:41,065 - Knowledge - INFO - Found code-base-name: https://github.com/kavia-common/Online-Examination-System-3411.git:kavia-master
2025-12-22 06:40:41,263 - Knowledge - INFO - Found code_base: <app.utils.kg_build.knowledge.KnowledgeCodeBase object at 0x7f8a77705e10>
2025-12-22 06:40:41,473 - Knowledge - INFO - Found code-base-name: https://github.com/kavia-common/Online-Examination-System-3411.git:kavia-master
2025-12-22 06:40:41,639 - Knowledge - INFO - Found code_base: <app.utils.kg_build.knowledge.KnowledgeCodeBase object at 0x7f8a77705e10>
2025-12-22 06:40:41,809 - Knowledge - INFO - persist ingested knowledge for /app/data/tataelxsimockapisolutions5451/1907/b3286zc/Online-Examination-System-3411/OnlineExamSystem/TakenCourses.aspx.cs
2025-12-22 06:40:42,091 - Knowledge - INFO - [MONGODB_OP] Completed: persist, Collection: file_info, Duration: 122ms
2025-12-22 06:40:42,559 - Knowledge - INFO - [REDIS_OP] Completed: store_embedding, Key: OnlineExamSystem/TakenCourses.aspx.cs, Duration: 263ms
2025-12-22 06:40:42,727 - Knowledge - INFO - persist search terms embedding for OnlineExamSystem/TakenCourses.aspx.cs
2025-12-22 06:40:42,883 - Knowledge - INFO - process ingested knowledge for /app/data/tataelxsimockapisolutions5451/1907/b3286zc/Online-Examination-System-3411/OnlineExamSystem/TakenCourses.aspx.cs
2025-12-22 06:40:43,089 - Knowledge - INFO - Found code-base-name: https://github.com/kavia-common/Online-Examination-System-3411.git:kavia-master
2025-12-22 06:40:43,258 - Knowledge - INFO - Found code_base: <app.utils.kg_build.knowledge.KnowledgeCodeBase object at 0x7f8a77705e10>
2025-12-22 06:40:43,495 - Knowledge - INFO - Found code-base-name: https://github.com/kavia-common/Online-Examination-System-3411.git:kavia-master
2025-12-22 06:40:43,651 - Knowledge - INFO - Found code_base: <app.utils.kg_build.knowledge.KnowledgeCodeBase object at 0x7f8a77705e10>
2025-12-22 06:40:43,811 - Knowledge - INFO - persist ingested knowledge for /app/data/tataelxsimockapisolutions5451/1907/b3286zc/Online-Examination-System-3411/OnlineExamSystem/SetExam.aspx.cs
2025-12-22 06:40:44,056 - Knowledge - INFO - [MONGODB_OP] Completed: persist, Collection: file_info, Duration: 84ms
2025-12-22 06:40:44,474 - Knowledge - INFO - [REDIS_OP] Completed: store_embedding, Key: OnlineExamSystem/SetExam.aspx.cs, Duration: 236ms
2025-12-22 06:40:44,624 - Knowledge - INFO - persist search terms embedding for OnlineExamSystem/SetExam.aspx.cs
2025-12-22 06:40:44,825 - Knowledge - INFO - process ingested knowledge for /app/data/tataelxsimockapisolutions5451/1907/b3286zc/Online-Examination-System-3411/OnlineExamSystem/SetExam.aspx.cs
2025-12-22 06:40:45,023 - Knowledge - INFO - Found code-base-name: https://github.com/kavia-common/Online-Examination-System-3411.git:kavia-master
2025-12-22 06:40:45,181 - Knowledge - INFO - Found code_base: <app.utils.kg_build.knowledge.KnowledgeCodeBase object at 0x7f8a77705e10>
2025-12-22 06:40:45,428 - Knowledge - INFO - Found code-base-name: https://github.com/kavia-common/Online-Examination-System-3411.git:kavia-master
2025-12-22 06:40:45,592 - Knowledge - INFO - Found code_base: <app.utils.kg_build.knowledge.KnowledgeCodeBase object at 0x7f8a77705e10>
2025-12-22 06:40:45,799 - Knowledge - INFO - persist ingested knowledge for /app/data/tataelxsimockapisolutions5451/1907/b3286zc/Online-Examination-System-3411/OnlineExamSystem/EditMCQ.aspx.cs
2025-12-22 06:40:46,065 - Knowledge - INFO - [MONGODB_OP] Completed: persist, Collection: file_info, Duration: 100ms
2025-12-22 06:40:46,477 - Knowledge - INFO - [REDIS_OP] Completed: store_embedding, Key: OnlineExamSystem/EditMCQ.aspx.cs, Duration: 225ms
2025-12-22 06:40:46,645 - Knowledge - INFO - persist search terms embedding for OnlineExamSystem/EditMCQ.aspx.cs
2025-12-22 06:40:46,816 - Knowledge - INFO - process ingested knowledge for /app/data/tataelxsimockapisolutions5451/1907/b3286zc/Online-Examination-System-3411/OnlineExamSystem/EditMCQ.aspx.cs
2025-12-22 06:40:47,011 - Knowledge - INFO - Found code-base-name: https://github.com/kavia-common/Online-Examination-System-3411.git:kavia-master
2025-12-22 06:40:47,163 - Knowledge - INFO - Found code_base: <app.utils.kg_build.knowledge.KnowledgeCodeBase object at 0x7f8a77705e10>
2025-12-22 06:40:47,444 - Knowledge - INFO - Found code-base-name: https://github.com/kavia-common/Online-Examination-System-3411.git:kavia-master
2025-12-22 06:40:47,639 - Knowledge - INFO - Found code_base: <app.utils.kg_build.knowledge.KnowledgeCodeBase object at 0x7f8a77705e10>
2025-12-22 06:40:47,856 - Knowledge - INFO - persist ingested knowledge for /app/data/tataelxsimockapisolutions5451/1907/b3286zc/Online-Examination-System-3411/OnlineExamSystem/TheorySet.aspx.cs
2025-12-22 06:40:48,137 - Knowledge - INFO - [MONGODB_OP] Completed: persist, Collection: file_info, Duration: 87ms
2025-12-22 06:40:48,536 - Knowledge - INFO - [REDIS_OP] Completed: store_embedding, Key: OnlineExamSystem/TheorySet.aspx.cs, Duration: 221ms
2025-12-22 06:40:48,709 - Knowledge - INFO - persist search terms embedding for OnlineExamSystem/TheorySet.aspx.cs
2025-12-22 06:40:48,895 - Knowledge - INFO - process ingested knowledge for /app/data/tataelxsimockapisolutions5451/1907/b3286zc/Online-Examination-System-3411/OnlineExamSystem/TheorySet.aspx.cs
2025-12-22 06:40:49,075 - Knowledge - INFO - Found code-base-name: https://github.com/kavia-common/Online-Examination-System-3411.git:kavia-master
2025-12-22 06:40:49,228 - Knowledge - INFO - Found code_base: <app.utils.kg_build.knowledge.KnowledgeCodeBase object at 0x7f8a77705e10>
2025-12-22 06:40:49,493 - Knowledge - INFO - Found code-base-name: https://github.com/kavia-common/Online-Examination-System-3411.git:kavia-master
2025-12-22 06:40:49,664 - Knowledge - INFO - Found code_base: <app.utils.kg_build.knowledge.KnowledgeCodeBase object at 0x7f8a77705e10>
2025-12-22 06:40:49,810 - Knowledge - INFO - persist ingested knowledge for /app/data/tataelxsimockapisolutions5451/1907/b3286zc/Online-Examination-System-3411/OnlineExamSystem/ShowAns.aspx.cs
2025-12-22 06:40:50,090 - Knowledge - INFO - [MONGODB_OP] Completed: persist, Collection: file_info, Duration: 93ms
2025-12-22 06:40:50,493 - Knowledge - INFO - [REDIS_OP] Completed: store_embedding, Key: OnlineExamSystem/ShowAns.aspx.cs, Duration: 230ms
2025-12-22 06:40:50,699 - Knowledge - INFO - persist search terms embedding for OnlineExamSystem/ShowAns.aspx.cs
2025-12-22 06:40:50,886 - Knowledge - INFO - process ingested knowledge for /app/data/tataelxsimockapisolutions5451/1907/b3286zc/Online-Examination-System-3411/OnlineExamSystem/ShowAns.aspx.cs
2025-12-22 06:40:51,125 - Knowledge - INFO - Found code-base-name: https://github.com/kavia-common/Online-Examination-System-3411.git:kavia-master
2025-12-22 06:40:51,299 - Knowledge - INFO - Found code_base: <app.utils.kg_build.knowledge.KnowledgeCodeBase object at 0x7f8a77705e10>
2025-12-22 06:40:51,533 - Knowledge - INFO - Found code-base-name: https://github.com/kavia-common/Online-Examination-System-3411.git:kavia-master
2025-12-22 06:40:51,725 - Knowledge - INFO - Found code_base: <app.utils.kg_build.knowledge.KnowledgeCodeBase object at 0x7f8a77705e10>
2025-12-22 06:40:51,905 - Knowledge - INFO - persist ingested knowledge for /app/data/tataelxsimockapisolutions5451/1907/b3286zc/Online-Examination-System-3411/OnlineExamSystem/SignUpPage.aspx.cs
2025-12-22 06:40:52,131 - Knowledge - INFO - [MONGODB_OP] Completed: persist, Collection: file_info, Duration: 82ms
2025-12-22 06:40:52,535 - Knowledge - INFO - [REDIS_OP] Completed: store_embedding, Key: OnlineExamSystem/SignUpPage.aspx.cs, Duration: 199ms
2025-12-22 06:40:52,724 - Knowledge - INFO - persist search terms embedding for OnlineExamSystem/SignUpPage.aspx.cs
2025-12-22 06:40:52,882 - Knowledge - INFO - process ingested knowledge for /app/data/tataelxsimockapisolutions5451/1907/b3286zc/Online-Examination-System-3411/OnlineExamSystem/SignUpPage.aspx.cs
2025-12-22 06:40:53,040 - Knowledge - INFO - Found code-base-name: https://github.com/kavia-common/Online-Examination-System-3411.git:kavia-master
2025-12-22 06:40:53,249 - Knowledge - INFO - Found code_base: <app.utils.kg_build.knowledge.KnowledgeCodeBase object at 0x7f8a77705e10>
2025-12-22 06:40:53,519 - Knowledge - INFO - Found code-base-name: https://github.com/kavia-common/Online-Examination-System-3411.git:kavia-master
2025-12-22 06:40:53,668 - Knowledge - INFO - Found code_base: <app.utils.kg_build.knowledge.KnowledgeCodeBase object at 0x7f8a77705e10>
2025-12-22 06:40:53,829 - Knowledge - INFO - persist ingested knowledge for /app/data/tataelxsimockapisolutions5451/1907/b3286zc/Online-Examination-System-3411/README.md
2025-12-22 06:40:54,086 - Knowledge - INFO - [MONGODB_OP] Completed: persist, Collection: file_info, Duration: 91ms
2025-12-22 06:40:54,514 - Knowledge - INFO - [REDIS_OP] Completed: store_embedding, Key: README.md, Duration: 234ms
2025-12-22 06:40:54,689 - Knowledge - INFO - persist search terms embedding for README.md
2025-12-22 06:40:54,838 - Knowledge - INFO - process ingested knowledge for /app/data/tataelxsimockapisolutions5451/1907/b3286zc/Online-Examination-System-3411/README.md
2025-12-22 06:40:54,998 - Knowledge - INFO - Found code-base-name: https://github.com/kavia-common/Online-Examination-System-3411.git:kavia-master
2025-12-22 06:40:55,173 - Knowledge - INFO - Found code_base: <app.utils.kg_build.knowledge.KnowledgeCodeBase object at 0x7f8a77705e10>
2025-12-22 06:40:55,419 - Knowledge - INFO - Found code-base-name: https://github.com/kavia-common/Online-Examination-System-3411.git:kavia-master
2025-12-22 06:40:55,584 - Knowledge - INFO - Found code_base: <app.utils.kg_build.knowledge.KnowledgeCodeBase object at 0x7f8a77705e10>
2025-12-22 06:40:55,754 - Knowledge - INFO - persist ingested knowledge for /app/data/tataelxsimockapisolutions5451/1907/b3286zc/Online-Examination-System-3411/OnlineExamSystem/MCQExam.aspx.designer.cs
2025-12-22 06:40:56,025 - Knowledge - INFO - [MONGODB_OP] Completed: persist, Collection: file_info, Duration: 91ms
2025-12-22 06:40:56,501 - Knowledge - INFO - [REDIS_OP] Completed: store_embedding, Key: OnlineExamSystem/MCQExam.aspx.designer.cs, Duration: 319ms
2025-12-22 06:40:56,721 - Knowledge - INFO - persist search terms embedding for OnlineExamSystem/MCQExam.aspx.designer.cs
2025-12-22 06:40:56,878 - Knowledge - INFO - process ingested knowledge for /app/data/tataelxsimockapisolutions5451/1907/b3286zc/Online-Examination-System-3411/OnlineExamSystem/MCQExam.aspx.designer.cs
2025-12-22 06:40:57,072 - Knowledge - INFO - Found code-base-name: https://github.com/kavia-common/Online-Examination-System-3411.git:kavia-master
2025-12-22 06:40:57,255 - Knowledge - INFO - Found code_base: <app.utils.kg_build.knowledge.KnowledgeCodeBase object at 0x7f8a77705e10>
2025-12-22 06:40:57,480 - Knowledge - INFO - Found code-base-name: https://github.com/kavia-common/Online-Examination-System-3411.git:kavia-master
2025-12-22 06:40:57,632 - Knowledge - INFO - Found code_base: <app.utils.kg_build.knowledge.KnowledgeCodeBase object at 0x7f8a77705e10>
2025-12-22 06:40:57,799 - Knowledge - INFO - persist ingested knowledge for /app/data/tataelxsimockapisolutions5451/1907/b3286zc/Online-Examination-System-3411/database-script/README.md
2025-12-22 06:40:58,056 - Knowledge - INFO - [MONGODB_OP] Completed: persist, Collection: file_info, Duration: 98ms
2025-12-22 06:40:58,509 - Knowledge - INFO - [REDIS_OP] Completed: store_embedding, Key: database-script/README.md, Duration: 275ms
2025-12-22 06:40:58,686 - Knowledge - INFO - persist search terms embedding for database-script/README.md
2025-12-22 06:40:58,859 - Knowledge - INFO - process ingested knowledge for /app/data/tataelxsimockapisolutions5451/1907/b3286zc/Online-Examination-System-3411/database-script/README.md
2025-12-22 06:40:59,058 - Knowledge - INFO - Found code-base-name: https://github.com/kavia-common/Online-Examination-System-3411.git:kavia-master
2025-12-22 06:40:59,243 - Knowledge - INFO - Found code_base: <app.utils.kg_build.knowledge.KnowledgeCodeBase object at 0x7f8a77705e10>
2025-12-22 06:40:59,543 - Knowledge - INFO - Found code-base-name: https://github.com/kavia-common/Online-Examination-System-3411.git:kavia-master
2025-12-22 06:40:59,728 - Knowledge - INFO - Found code_base: <app.utils.kg_build.knowledge.KnowledgeCodeBase object at 0x7f8a77705e10>
2025-12-22 06:40:59,891 - Knowledge - INFO - persist ingested knowledge for /app/data/tataelxsimockapisolutions5451/1907/b3286zc/Online-Examination-System-3411/OnlineExamSystem/DownloadPdf.aspx.designer.cs
2025-12-22 06:41:00,136 - Knowledge - INFO - [MONGODB_OP] Completed: persist, Collection: file_info, Duration: 90ms
2025-12-22 06:41:00,545 - Knowledge - INFO - [REDIS_OP] Completed: store_embedding, Key: OnlineExamSystem/DownloadPdf.aspx.designer.cs, Duration: 259ms
2025-12-22 06:41:00,721 - Knowledge - INFO - persist search terms embedding for OnlineExamSystem/DownloadPdf.aspx.designer.cs
2025-12-22 06:41:00,924 - Knowledge - INFO - process ingested knowledge for /app/data/tataelxsimockapisolutions5451/1907/b3286zc/Online-Examination-System-3411/OnlineExamSystem/DownloadPdf.aspx.designer.cs
2025-12-22 06:41:01,119 - Knowledge - INFO - Found code-base-name: https://github.com/kavia-common/Online-Examination-System-3411.git:kavia-master
2025-12-22 06:41:01,285 - Knowledge - INFO - Found code_base: <app.utils.kg_build.knowledge.KnowledgeCodeBase object at 0x7f8a77705e10>
2025-12-22 06:41:01,533 - Knowledge - INFO - Found code-base-name: https://github.com/kavia-common/Online-Examination-System-3411.git:kavia-master
2025-12-22 06:41:01,699 - Knowledge - INFO - Found code_base: <app.utils.kg_build.knowledge.KnowledgeCodeBase object at 0x7f8a77705e10>
2025-12-22 06:41:01,890 - Knowledge - INFO - persist ingested knowledge for /app/data/tataelxsimockapisolutions5451/1907/b3286zc/Online-Examination-System-3411/OnlineExamSystem/EditExam.aspx.cs
2025-12-22 06:41:02,223 - Knowledge - INFO - [MONGODB_OP] Completed: persist, Collection: file_info, Duration: 105ms
2025-12-22 06:41:02,686 - Knowledge - INFO - [REDIS_OP] Completed: store_embedding, Key: OnlineExamSystem/EditExam.aspx.cs, Duration: 276ms
2025-12-22 06:41:02,878 - Knowledge - INFO - persist search terms embedding for OnlineExamSystem/EditExam.aspx.cs
2025-12-22 06:41:03,038 - Knowledge - INFO - process ingested knowledge for /app/data/tataelxsimockapisolutions5451/1907/b3286zc/Online-Examination-System-3411/OnlineExamSystem/EditExam.aspx.cs
2025-12-22 06:41:03,192 - Knowledge - INFO - Found code-base-name: https://github.com/kavia-common/Online-Examination-System-3411.git:kavia-master
2025-12-22 06:41:03,350 - Knowledge - INFO - Found code_base: <app.utils.kg_build.knowledge.KnowledgeCodeBase object at 0x7f8a77705e10>
2025-12-22 06:41:03,596 - Knowledge - INFO - Found code-base-name: https://github.com/kavia-common/Online-Examination-System-3411.git:kavia-master
2025-12-22 06:41:03,801 - Knowledge - INFO - Found code_base: <app.utils.kg_build.knowledge.KnowledgeCodeBase object at 0x7f8a77705e10>
2025-12-22 06:41:03,963 - Knowledge - INFO - persist ingested knowledge for /app/data/tataelxsimockapisolutions5451/1907/b3286zc/Online-Examination-System-3411/OnlineExamSystem/EditTheory.aspx.cs
2025-12-22 06:41:04,254 - Knowledge - INFO - [MONGODB_OP] Completed: persist, Collection: file_info, Duration: 98ms
2025-12-22 06:41:04,676 - Knowledge - INFO - [REDIS_OP] Completed: store_embedding, Key: OnlineExamSystem/EditTheory.aspx.cs, Duration: 215ms
2025-12-22 06:41:04,862 - Knowledge - INFO - persist search terms embedding for OnlineExamSystem/EditTheory.aspx.cs
2025-12-22 06:41:05,052 - Knowledge - INFO - process ingested knowledge for /app/data/tataelxsimockapisolutions5451/1907/b3286zc/Online-Examination-System-3411/OnlineExamSystem/EditTheory.aspx.cs
2025-12-22 06:41:05,252 - Knowledge - INFO - Found code-base-name: https://github.com/kavia-common/Online-Examination-System-3411.git:kavia-master
2025-12-22 06:41:05,410 - Knowledge - INFO - Found code_base: <app.utils.kg_build.knowledge.KnowledgeCodeBase object at 0x7f8a77705e10>
2025-12-22 06:41:05,626 - Knowledge - INFO - Found code-base-name: https://github.com/kavia-common/Online-Examination-System-3411.git:kavia-master
2025-12-22 06:41:05,821 - Knowledge - INFO - Found code_base: <app.utils.kg_build.knowledge.KnowledgeCodeBase object at 0x7f8a77705e10>
2025-12-22 06:41:05,996 - Knowledge - INFO - persist ingested knowledge for /app/data/tataelxsimockapisolutions5451/1907/b3286zc/Online-Examination-System-3411/OnlineExamSystem/StartExam.aspx.cs
2025-12-22 06:41:06,273 - Knowledge - INFO - [MONGODB_OP] Completed: persist, Collection: file_info, Duration: 90ms
2025-12-22 06:41:06,683 - Knowledge - INFO - [REDIS_OP] Completed: store_embedding, Key: OnlineExamSystem/StartExam.aspx.cs, Duration: 231ms
2025-12-22 06:41:06,828 - Knowledge - INFO - persist search terms embedding for OnlineExamSystem/StartExam.aspx.cs
2025-12-22 06:41:07,027 - Knowledge - INFO - process ingested knowledge for /app/data/tataelxsimockapisolutions5451/1907/b3286zc/Online-Examination-System-3411/OnlineExamSystem/StartExam.aspx.cs
2025-12-22 06:41:07,194 - Knowledge - INFO - Found code-base-name: https://github.com/kavia-common/Online-Examination-System-3411.git:kavia-master
2025-12-22 06:41:07,349 - Knowledge - INFO - Found code_base: <app.utils.kg_build.knowledge.KnowledgeCodeBase object at 0x7f8a77705e10>
2025-12-22 06:41:07,586 - Knowledge - INFO - Found code-base-name: https://github.com/kavia-common/Online-Examination-System-3411.git:kavia-master
2025-12-22 06:41:07,766 - Knowledge - INFO - Found code_base: <app.utils.kg_build.knowledge.KnowledgeCodeBase object at 0x7f8a77705e10>
2025-12-22 06:41:07,916 - Knowledge - INFO - persist ingested knowledge for /app/data/tataelxsimockapisolutions5451/1907/b3286zc/Online-Examination-System-3411/OnlineExamSystem/AdminPanel.aspx.cs
2025-12-22 06:41:08,197 - Knowledge - INFO - [MONGODB_OP] Completed: persist, Collection: file_info, Duration: 92ms
2025-12-22 06:41:08,619 - Knowledge - INFO - [REDIS_OP] Completed: store_embedding, Key: OnlineExamSystem/AdminPanel.aspx.cs, Duration: 225ms
2025-12-22 06:41:08,839 - Knowledge - INFO - persist search terms embedding for OnlineExamSystem/AdminPanel.aspx.cs
2025-12-22 06:41:09,066 - Knowledge - INFO - process ingested knowledge for /app/data/tataelxsimockapisolutions5451/1907/b3286zc/Online-Examination-System-3411/OnlineExamSystem/AdminPanel.aspx.cs
2025-12-22 06:41:09,237 - Knowledge - INFO - Found code-base-name: https://github.com/kavia-common/Online-Examination-System-3411.git:kavia-master
2025-12-22 06:41:09,436 - Knowledge - INFO - Found code_base: <app.utils.kg_build.knowledge.KnowledgeCodeBase object at 0x7f8a77705e10>
2025-12-22 06:41:09,667 - Knowledge - INFO - Found code-base-name: https://github.com/kavia-common/Online-Examination-System-3411.git:kavia-master
2025-12-22 06:41:09,844 - Knowledge - INFO - Found code_base: <app.utils.kg_build.knowledge.KnowledgeCodeBase object at 0x7f8a77705e10>
2025-12-22 06:41:10,026 - Knowledge - INFO - persist ingested knowledge for /app/data/tataelxsimockapisolutions5451/1907/b3286zc/Online-Examination-System-3411/OnlineExamSystem/ExamResult.aspx.designer.cs
2025-12-22 06:41:10,277 - Knowledge - INFO - [MONGODB_OP] Completed: persist, Collection: file_info, Duration: 83ms
2025-12-22 06:41:10,717 - Knowledge - INFO - [REDIS_OP] Completed: store_embedding, Key: OnlineExamSystem/ExamResult.aspx.designer.cs, Duration: 275ms
2025-12-22 06:41:10,879 - Knowledge - INFO - persist search terms embedding for OnlineExamSystem/ExamResult.aspx.designer.cs
2025-12-22 06:41:11,041 - Knowledge - INFO - process ingested knowledge for /app/data/tataelxsimockapisolutions5451/1907/b3286zc/Online-Examination-System-3411/OnlineExamSystem/ExamResult.aspx.designer.cs
2025-12-22 06:41:11,240 - Knowledge - INFO - Found code-base-name: https://github.com/kavia-common/Online-Examination-System-3411.git:kavia-master
2025-12-22 06:41:11,451 - Knowledge - INFO - Found code_base: <app.utils.kg_build.knowledge.KnowledgeCodeBase object at 0x7f8a77705e10>
2025-12-22 06:41:11,669 - Knowledge - INFO - Found code-base-name: https://github.com/kavia-common/Online-Examination-System-3411.git:kavia-master
2025-12-22 06:41:11,886 - Knowledge - INFO - Found code_base: <app.utils.kg_build.knowledge.KnowledgeCodeBase object at 0x7f8a77705e10>
2025-12-22 06:41:12,037 - Knowledge - INFO - persist ingested knowledge for /app/data/tataelxsimockapisolutions5451/1907/b3286zc/Online-Examination-System-3411/OnlineExamSystem/LoginPage.aspx.designer.cs
2025-12-22 06:41:12,317 - Knowledge - INFO - [MONGODB_OP] Completed: persist, Collection: file_info, Duration: 84ms
2025-12-22 06:41:12,680 - Knowledge - INFO - [REDIS_OP] Completed: store_embedding, Key: OnlineExamSystem/LoginPage.aspx.designer.cs, Duration: 195ms
2025-12-22 06:41:12,847 - Knowledge - INFO - persist search terms embedding for OnlineExamSystem/LoginPage.aspx.designer.cs
2025-12-22 06:41:13,020 - Knowledge - INFO - process ingested knowledge for /app/data/tataelxsimockapisolutions5451/1907/b3286zc/Online-Examination-System-3411/OnlineExamSystem/LoginPage.aspx.designer.cs
2025-12-22 06:41:13,196 - Knowledge - INFO - Found code-base-name: https://github.com/kavia-common/Online-Examination-System-3411.git:kavia-master
2025-12-22 06:41:13,372 - Knowledge - INFO - Found code_base: <app.utils.kg_build.knowledge.KnowledgeCodeBase object at 0x7f8a77705e10>
2025-12-22 06:41:13,649 - Knowledge - INFO - Found code-base-name: https://github.com/kavia-common/Online-Examination-System-3411.git:kavia-master
2025-12-22 06:41:13,849 - Knowledge - INFO - Found code_base: <app.utils.kg_build.knowledge.KnowledgeCodeBase object at 0x7f8a77705e10>
2025-12-22 06:41:14,021 - Knowledge - INFO - persist ingested knowledge for /app/data/tataelxsimockapisolutions5451/1907/b3286zc/Online-Examination-System-3411/OnlineExamSystem/TheoryExam.aspx.designer.cs
2025-12-22 06:41:14,318 - Knowledge - INFO - [MONGODB_OP] Completed: persist, Collection: file_info, Duration: 102ms
2025-12-22 06:41:14,690 - Knowledge - INFO - [REDIS_OP] Completed: store_embedding, Key: OnlineExamSystem/TheoryExam.aspx.designer.cs, Duration: 206ms
2025-12-22 06:41:14,891 - Knowledge - INFO - persist search terms embedding for OnlineExamSystem/TheoryExam.aspx.designer.cs
2025-12-22 06:41:15,060 - Knowledge - INFO - process ingested knowledge for /app/data/tataelxsimockapisolutions5451/1907/b3286zc/Online-Examination-System-3411/OnlineExamSystem/TheoryExam.aspx.designer.cs
2025-12-22 06:41:15,255 - Knowledge - INFO - Found code-base-name: https://github.com/kavia-common/Online-Examination-System-3411.git:kavia-master
2025-12-22 06:41:15,444 - Knowledge - INFO - Found code_base: <app.utils.kg_build.knowledge.KnowledgeCodeBase object at 0x7f8a77705e10>
2025-12-22 06:41:15,676 - Knowledge - INFO - Found code-base-name: https://github.com/kavia-common/Online-Examination-System-3411.git:kavia-master
2025-12-22 06:41:15,870 - Knowledge - INFO - Found code_base: <app.utils.kg_build.knowledge.KnowledgeCodeBase object at 0x7f8a77705e10>
2025-12-22 06:41:16,039 - Knowledge - INFO - persist ingested knowledge for /app/data/tataelxsimockapisolutions5451/1907/b3286zc/Online-Examination-System-3411/OnlineExamSystem/Leaderboard.aspx.cs
2025-12-22 06:41:16,291 - Knowledge - INFO - [MONGODB_OP] Completed: persist, Collection: file_info, Duration: 85ms
2025-12-22 06:41:16,675 - Knowledge - INFO - [REDIS_OP] Completed: store_embedding, Key: OnlineExamSystem/Leaderboard.aspx.cs, Duration: 217ms
2025-12-22 06:41:16,823 - Knowledge - INFO - persist search terms embedding for OnlineExamSystem/Leaderboard.aspx.cs
2025-12-22 06:41:16,979 - Knowledge - INFO - process ingested knowledge for /app/data/tataelxsimockapisolutions5451/1907/b3286zc/Online-Examination-System-3411/OnlineExamSystem/Leaderboard.aspx.cs
2025-12-22 06:41:17,161 - Knowledge - INFO - Found code-base-name: https://github.com/kavia-common/Online-Examination-System-3411.git:kavia-master
2025-12-22 06:41:17,342 - Knowledge - INFO - Found code_base: <app.utils.kg_build.knowledge.KnowledgeCodeBase object at 0x7f8a77705e10>
2025-12-22 06:41:17,604 - Knowledge - INFO - Found code-base-name: https://github.com/kavia-common/Online-Examination-System-3411.git:kavia-master
2025-12-22 06:41:17,779 - Knowledge - INFO - Found code_base: <app.utils.kg_build.knowledge.KnowledgeCodeBase object at 0x7f8a77705e10>
2025-12-22 06:41:17,929 - Knowledge - INFO - persist ingested knowledge for /app/data/tataelxsimockapisolutions5451/1907/b3286zc/Online-Examination-System-3411/OnlineExamSystem/AdminQueue.aspx.designer.cs
2025-12-22 06:41:18,215 - Knowledge - INFO - [MONGODB_OP] Completed: persist, Collection: file_info, Duration: 93ms
2025-12-22 06:41:18,605 - Knowledge - INFO - [REDIS_OP] Completed: store_embedding, Key: OnlineExamSystem/AdminQueue.aspx.designer.cs, Duration: 234ms
2025-12-22 06:41:18,821 - Knowledge - INFO - persist search terms embedding for OnlineExamSystem/AdminQueue.aspx.designer.cs
2025-12-22 06:41:19,002 - Knowledge - INFO - process ingested knowledge for /app/data/tataelxsimockapisolutions5451/1907/b3286zc/Online-Examination-System-3411/OnlineExamSystem/AdminQueue.aspx.designer.cs
2025-12-22 06:41:19,227 - Knowledge - INFO - Found code-base-name: https://github.com/kavia-common/Online-Examination-System-3411.git:kavia-master
2025-12-22 06:41:19,419 - Knowledge - INFO - Found code_base: <app.utils.kg_build.knowledge.KnowledgeCodeBase object at 0x7f8a77705e10>
2025-12-22 06:41:19,644 - Knowledge - INFO - Found code-base-name: https://github.com/kavia-common/Online-Examination-System-3411.git:kavia-master
2025-12-22 06:41:19,842 - Knowledge - INFO - Found code_base: <app.utils.kg_build.knowledge.KnowledgeCodeBase object at 0x7f8a77705e10>
2025-12-22 06:41:20,045 - Knowledge - INFO - persist ingested knowledge for /app/data/tataelxsimockapisolutions5451/1907/b3286zc/Online-Examination-System-3411/OnlineExamSystem/AdminLeaderboard.aspx.designer.cs
2025-12-22 06:41:20,316 - Knowledge - INFO - [MONGODB_OP] Completed: persist, Collection: file_info, Duration: 97ms
2025-12-22 06:41:20,747 - Knowledge - INFO - [REDIS_OP] Completed: store_embedding, Key: OnlineExamSystem/AdminLeaderboard.aspx.designer.cs, Duration: 212ms
2025-12-22 06:41:20,932 - Knowledge - INFO - persist search terms embedding for OnlineExamSystem/AdminLeaderboard.aspx.designer.cs
2025-12-22 06:41:21,089 - Knowledge - INFO - process ingested knowledge for /app/data/tataelxsimockapisolutions5451/1907/b3286zc/Online-Examination-System-3411/OnlineExamSystem/AdminLeaderboard.aspx.designer.cs
2025-12-22 06:41:21,297 - Knowledge - INFO - Found code-base-name: https://github.com/kavia-common/Online-Examination-System-3411.git:kavia-master
2025-12-22 06:41:21,456 - Knowledge - INFO - Found code_base: <app.utils.kg_build.knowledge.KnowledgeCodeBase object at 0x7f8a77705e10>
2025-12-22 06:41:21,680 - Knowledge - INFO - Found code-base-name: https://github.com/kavia-common/Online-Examination-System-3411.git:kavia-master
2025-12-22 06:41:21,850 - Knowledge - INFO - Found code_base: <app.utils.kg_build.knowledge.KnowledgeCodeBase object at 0x7f8a77705e10>
2025-12-22 06:41:21,997 - Knowledge - INFO - persist ingested knowledge for /app/data/tataelxsimockapisolutions5451/1907/b3286zc/Online-Examination-System-3411/OnlineExamSystem/MCQSet.aspx.cs
2025-12-22 06:41:22,232 - Knowledge - INFO - [MONGODB_OP] Completed: persist, Collection: file_info, Duration: 81ms
2025-12-22 06:41:22,809 - Knowledge - INFO - [REDIS_OP] Completed: store_embedding, Key: OnlineExamSystem/MCQSet.aspx.cs, Duration: 389ms
2025-12-22 06:41:22,986 - Knowledge - INFO - persist search terms embedding for OnlineExamSystem/MCQSet.aspx.cs
2025-12-22 06:41:23,152 - Knowledge - INFO - process ingested knowledge for /app/data/tataelxsimockapisolutions5451/1907/b3286zc/Online-Examination-System-3411/OnlineExamSystem/MCQSet.aspx.cs
2025-12-22 06:41:23,349 - Knowledge - INFO - Loaded 50 files from persisted knowledge
2025-12-22 06:41:23,522 - Knowledge - INFO - load persisted knowledge: end
2025-12-22 06:41:23,692 - Knowledge - INFO - Redis support added with prefix knowledge:b3286zc:
2025-12-22 06:41:23,984 - Knowledge - INFO - Starting knowledge initialization for ID: CqmfTl-b3286zc
2025-12-22 06:41:24,164 - Knowledge - INFO - 🔍 Checking Redis for build_id: b3286zc
2025-12-22 06:41:24,338 - Knowledge - INFO - 🔍 Full session ID: CqmfTl-b3286zc
2025-12-22 06:41:24,494 - Knowledge - INFO - 🔍 Redis prefix will be: knowledge:b3286zc:
2025-12-22 06:41:24,699 - Knowledge - INFO - 🔍 Using attached load_from_redis() method
2025-12-22 06:41:24,864 - Knowledge - INFO - 🔍 Attempting to load knowledge from Redis...
2025-12-22 06:41:25,055 - Knowledge - INFO - 🔍 Using derived instance_id for Redis lookup: b3286zc
2025-12-22 06:41:25,255 - Knowledge - WARNING - ❌ No Redis cache found
2025-12-22 06:41:25,446 - Knowledge - INFO - 📁 Loading knowledge from disk...
2025-12-22 06:41:25,653 - Knowledge - INFO - load persisted docinfo: begin
2025-12-22 06:41:25,802 - Knowledge - INFO - load persisted docinfo: end
2025-12-22 06:41:25,981 - Knowledge - INFO - 🔍 _load_persisted_knowledge called - checking for Redis optimization
2025-12-22 06:41:26,168 - Knowledge - INFO - ✅ load_from_redis method found - attempting Redis load
2025-12-22 06:41:26,349 - Knowledge - INFO - 🔍 Attempting to load knowledge from Redis...
2025-12-22 06:41:26,553 - Knowledge - INFO - 🔍 Using derived instance_id for Redis lookup: b3286zc
2025-12-22 06:41:26,793 - Knowledge - WARNING - ❌ No Redis cache found
2025-12-22 06:41:26,991 - Knowledge - INFO - ❌ Redis load returned False - falling back to file loading
2025-12-22 06:41:27,172 - Knowledge - INFO - load persisted knowledge: begin
2025-12-22 06:41:27,862 - Knowledge - INFO - Persisted knowledge files in /app/data/tataelxsimockapisolutions5451/1907/b3286zc/Online-Examination-System-3411/.knowledge have been renamed to use .json
2025-12-22 06:41:28,060 - Knowledge - INFO - Found code-base-name: https://github.com/kavia-common/Online-Examination-System-3411.git:kavia-master
2025-12-22 06:41:28,224 - Knowledge - INFO - Found code_base: <app.utils.kg_build.knowledge.KnowledgeCodeBase object at 0x7f8a77705e10>
2025-12-22 06:41:28,390 - Knowledge - INFO - process ingested knowledge for /app/data/tataelxsimockapisolutions5451/1907/b3286zc/Online-Examination-System-3411/OnlineExamSystem/Properties/AssemblyInfo.cs
2025-12-22 06:41:28,580 - Knowledge - INFO - Found code-base-name: https://github.com/kavia-common/Online-Examination-System-3411.git:kavia-master
2025-12-22 06:41:28,722 - Knowledge - INFO - Found code_base: <app.utils.kg_build.knowledge.KnowledgeCodeBase object at 0x7f8a77705e10>
2025-12-22 06:41:28,871 - Knowledge - INFO - process ingested knowledge for /app/data/tataelxsimockapisolutions5451/1907/b3286zc/Online-Examination-System-3411/OnlineExamSystem/AdminLeaderboard.aspx.cs
2025-12-22 06:41:29,035 - Knowledge - INFO - Found code-base-name: https://github.com/kavia-common/Online-Examination-System-3411.git:kavia-master
2025-12-22 06:41:29,225 - Knowledge - INFO - Found code_base: <app.utils.kg_build.knowledge.KnowledgeCodeBase object at 0x7f8a77705e10>
2025-12-22 06:41:29,407 - Knowledge - INFO - process ingested knowledge for /app/data/tataelxsimockapisolutions5451/1907/b3286zc/Online-Examination-System-3411/OnlineExamSystem/AdminCourseQueue.aspx.designer.cs
2025-12-22 06:41:29,564 - Knowledge - INFO - Found code-base-name: https://github.com/kavia-common/Online-Examination-System-3411.git:kavia-master
2025-12-22 06:41:29,754 - Knowledge - INFO - Found code_base: <app.utils.kg_build.knowledge.KnowledgeCodeBase object at 0x7f8a77705e10>
2025-12-22 06:41:29,906 - Knowledge - INFO - process ingested knowledge for /app/data/tataelxsimockapisolutions5451/1907/b3286zc/Online-Examination-System-3411/OnlineExamSystem/AdminQueue.aspx.cs
2025-12-22 06:41:30,067 - Knowledge - INFO - Found code-base-name: https://github.com/kavia-common/Online-Examination-System-3411.git:kavia-master
2025-12-22 06:41:30,263 - Knowledge - INFO - Found code_base: <app.utils.kg_build.knowledge.KnowledgeCodeBase object at 0x7f8a77705e10>
2025-12-22 06:41:30,426 - Knowledge - INFO - process ingested knowledge for /app/data/tataelxsimockapisolutions5451/1907/b3286zc/Online-Examination-System-3411/OnlineExamSystem/TheorySet.aspx.designer.cs
2025-12-22 06:41:30,625 - Knowledge - INFO - Found code-base-name: https://github.com/kavia-common/Online-Examination-System-3411.git:kavia-master
2025-12-22 06:41:30,823 - Knowledge - INFO - Found code_base: <app.utils.kg_build.knowledge.KnowledgeCodeBase object at 0x7f8a77705e10>
2025-12-22 06:41:31,031 - Knowledge - INFO - process ingested knowledge for /app/data/tataelxsimockapisolutions5451/1907/b3286zc/Online-Examination-System-3411/OnlineExamSystem/EditMCQ.aspx.designer.cs
2025-12-22 06:41:31,205 - Knowledge - INFO - Found code-base-name: https://github.com/kavia-common/Online-Examination-System-3411.git:kavia-master
2025-12-22 06:41:31,353 - Knowledge - INFO - Found code_base: <app.utils.kg_build.knowledge.KnowledgeCodeBase object at 0x7f8a77705e10>
2025-12-22 06:41:31,567 - Knowledge - INFO - process ingested knowledge for /app/data/tataelxsimockapisolutions5451/1907/b3286zc/Online-Examination-System-3411/OnlineExamSystem/LoginPage.aspx.cs
2025-12-22 06:41:31,735 - Knowledge - INFO - Found code-base-name: https://github.com/kavia-common/Online-Examination-System-3411.git:kavia-master
2025-12-22 06:41:31,946 - Knowledge - INFO - Found code_base: <app.utils.kg_build.knowledge.KnowledgeCodeBase object at 0x7f8a77705e10>
2025-12-22 06:41:32,129 - Knowledge - INFO - process ingested knowledge for /app/data/tataelxsimockapisolutions5451/1907/b3286zc/Online-Examination-System-3411/database-script/Online-Examination-System-Databse-Script.sql
2025-12-22 06:41:32,350 - Knowledge - INFO - Found code-base-name: https://github.com/kavia-common/Online-Examination-System-3411.git:kavia-master
2025-12-22 06:41:32,556 - Knowledge - INFO - Found code_base: <app.utils.kg_build.knowledge.KnowledgeCodeBase object at 0x7f8a77705e10>
2025-12-22 06:41:32,706 - Knowledge - INFO - process ingested knowledge for /app/data/tataelxsimockapisolutions5451/1907/b3286zc/Online-Examination-System-3411/OnlineExamSystem/TheoryExam.aspx.cs
2025-12-22 06:41:32,892 - Knowledge - INFO - Found code-base-name: https://github.com/kavia-common/Online-Examination-System-3411.git:kavia-master
2025-12-22 06:41:33,094 - Knowledge - INFO - Found code_base: <app.utils.kg_build.knowledge.KnowledgeCodeBase object at 0x7f8a77705e10>
2025-12-22 06:41:33,236 - Knowledge - INFO - process ingested knowledge for /app/data/tataelxsimockapisolutions5451/1907/b3286zc/Online-Examination-System-3411/OnlineExamSystem/TakenCourses.aspx.designer.cs
2025-12-22 06:41:33,432 - Knowledge - INFO - Found code-base-name: https://github.com/kavia-common/Online-Examination-System-3411.git:kavia-master
2025-12-22 06:41:33,641 - Knowledge - INFO - Found code_base: <app.utils.kg_build.knowledge.KnowledgeCodeBase object at 0x7f8a77705e10>
2025-12-22 06:41:33,809 - Knowledge - INFO - process ingested knowledge for /app/data/tataelxsimockapisolutions5451/1907/b3286zc/Online-Examination-System-3411/OnlineExamSystem/SetExam.aspx.designer.cs
2025-12-22 06:41:33,964 - Knowledge - INFO - Found code-base-name: https://github.com/kavia-common/Online-Examination-System-3411.git:kavia-master
2025-12-22 06:41:34,133 - Knowledge - INFO - Found code_base: <app.utils.kg_build.knowledge.KnowledgeCodeBase object at 0x7f8a77705e10>
2025-12-22 06:41:34,319 - Knowledge - INFO - process ingested knowledge for /app/data/tataelxsimockapisolutions5451/1907/b3286zc/Online-Examination-System-3411/OnlineExamSystem/ShowAns.aspx.designer.cs
2025-12-22 06:41:34,486 - Knowledge - INFO - Found code-base-name: https://github.com/kavia-common/Online-Examination-System-3411.git:kavia-master
2025-12-22 06:41:34,647 - Knowledge - INFO - Found code_base: <app.utils.kg_build.knowledge.KnowledgeCodeBase object at 0x7f8a77705e10>
2025-12-22 06:41:34,800 - Knowledge - INFO - process ingested knowledge for /app/data/tataelxsimockapisolutions5451/1907/b3286zc/Online-Examination-System-3411/OnlineExamSystem/SignUpPage.aspx.designer.cs
2025-12-22 06:41:35,009 - Knowledge - INFO - Found code-base-name: https://github.com/kavia-common/Online-Examination-System-3411.git:kavia-master
2025-12-22 06:41:35,163 - Knowledge - INFO - Found code_base: <app.utils.kg_build.knowledge.KnowledgeCodeBase object at 0x7f8a77705e10>
2025-12-22 06:41:35,307 - Knowledge - INFO - process ingested knowledge for /app/data/tataelxsimockapisolutions5451/1907/b3286zc/Online-Examination-System-3411/OnlineExamSystem/DownloadPdf.aspx.cs
2025-12-22 06:41:35,499 - Knowledge - INFO - Found code-base-name: https://github.com/kavia-common/Online-Examination-System-3411.git:kavia-master
2025-12-22 06:41:35,642 - Knowledge - INFO - Found code_base: <app.utils.kg_build.knowledge.KnowledgeCodeBase object at 0x7f8a77705e10>
2025-12-22 06:41:35,826 - Knowledge - INFO - process ingested knowledge for /app/data/tataelxsimockapisolutions5451/1907/b3286zc/Online-Examination-System-3411/OnlineExamSystem/ExamResult.aspx.cs
2025-12-22 06:41:36,021 - Knowledge - INFO - Found code-base-name: https://github.com/kavia-common/Online-Examination-System-3411.git:kavia-master
2025-12-22 06:41:36,199 - Knowledge - INFO - Found code_base: <app.utils.kg_build.knowledge.KnowledgeCodeBase object at 0x7f8a77705e10>
2025-12-22 06:41:36,382 - Knowledge - INFO - process ingested knowledge for /app/data/tataelxsimockapisolutions5451/1907/b3286zc/Online-Examination-System-3411/OnlineExamSystem/EditTheory.aspx.designer.cs
2025-12-22 06:41:36,546 - Knowledge - INFO - Found code-base-name: https://github.com/kavia-common/Online-Examination-System-3411.git:kavia-master
2025-12-22 06:41:36,726 - Knowledge - INFO - Found code_base: <app.utils.kg_build.knowledge.KnowledgeCodeBase object at 0x7f8a77705e10>
2025-12-22 06:41:36,880 - Knowledge - INFO - process ingested knowledge for /app/data/tataelxsimockapisolutions5451/1907/b3286zc/Online-Examination-System-3411/OnlineExamSystem/EditExam.aspx.designer.cs
2025-12-22 06:41:37,032 - Knowledge - INFO - Found code-base-name: https://github.com/kavia-common/Online-Examination-System-3411.git:kavia-master
2025-12-22 06:41:37,259 - Knowledge - INFO - Found code_base: <app.utils.kg_build.knowledge.KnowledgeCodeBase object at 0x7f8a77705e10>
2025-12-22 06:41:37,465 - Knowledge - INFO - process ingested knowledge for /app/data/tataelxsimockapisolutions5451/1907/b3286zc/Online-Examination-System-3411/OnlineExamSystem/UserProfile.aspx.cs
2025-12-22 06:41:37,673 - Knowledge - INFO - Found code-base-name: https://github.com/kavia-common/Online-Examination-System-3411.git:kavia-master
2025-12-22 06:41:37,825 - Knowledge - INFO - Found code_base: <app.utils.kg_build.knowledge.KnowledgeCodeBase object at 0x7f8a77705e10>
2025-12-22 06:41:37,993 - Knowledge - INFO - process ingested knowledge for /app/data/tataelxsimockapisolutions5451/1907/b3286zc/Online-Examination-System-3411/OnlineExamSystem/Dashboard.aspx.cs
2025-12-22 06:41:38,171 - Knowledge - INFO - Found code-base-name: https://github.com/kavia-common/Online-Examination-System-3411.git:kavia-master
2025-12-22 06:41:38,363 - Knowledge - INFO - Found code_base: <app.utils.kg_build.knowledge.KnowledgeCodeBase object at 0x7f8a77705e10>
2025-12-22 06:41:38,557 - Knowledge - INFO - process ingested knowledge for /app/data/tataelxsimockapisolutions5451/1907/b3286zc/Online-Examination-System-3411/OnlineExamSystem/StartExam.aspx.designer.cs
2025-12-22 06:41:38,705 - Knowledge - INFO - Found code-base-name: https://github.com/kavia-common/Online-Examination-System-3411.git:kavia-master
2025-12-22 06:41:38,850 - Knowledge - INFO - Found code_base: <app.utils.kg_build.knowledge.KnowledgeCodeBase object at 0x7f8a77705e10>
2025-12-22 06:41:39,054 - Knowledge - INFO - process ingested knowledge for /app/data/tataelxsimockapisolutions5451/1907/b3286zc/Online-Examination-System-3411/OnlineExamSystem/AdminPanel.aspx.designer.cs
2025-12-22 06:41:39,225 - Knowledge - INFO - Found code-base-name: https://github.com/kavia-common/Online-Examination-System-3411.git:kavia-master
2025-12-22 06:41:39,398 - Knowledge - INFO - Found code_base: <app.utils.kg_build.knowledge.KnowledgeCodeBase object at 0x7f8a77705e10>
2025-12-22 06:41:39,542 - Knowledge - INFO - process ingested knowledge for /app/data/tataelxsimockapisolutions5451/1907/b3286zc/Online-Examination-System-3411/packages/Microsoft.CodeDom.Providers.DotNetCompilerPlatform.1.0.0/lib/net45/Microsoft.CodeDom.Providers.DotNetCompilerPlatform.xml
2025-12-22 06:41:39,714 - Knowledge - INFO - Found code-base-name: https://github.com/kavia-common/Online-Examination-System-3411.git:kavia-master
2025-12-22 06:41:39,872 - Knowledge - INFO - Found code_base: <app.utils.kg_build.knowledge.KnowledgeCodeBase object at 0x7f8a77705e10>
2025-12-22 06:41:40,014 - Knowledge - INFO - process ingested knowledge for /app/data/tataelxsimockapisolutions5451/1907/b3286zc/Online-Examination-System-3411/OnlineExamSystem/Leaderboard.aspx.designer.cs
2025-12-22 06:41:40,179 - Knowledge - INFO - Found code-base-name: https://github.com/kavia-common/Online-Examination-System-3411.git:kavia-master
2025-12-22 06:41:40,354 - Knowledge - INFO - Found code_base: <app.utils.kg_build.knowledge.KnowledgeCodeBase object at 0x7f8a77705e10>
2025-12-22 06:41:40,519 - Knowledge - INFO - process ingested knowledge for /app/data/tataelxsimockapisolutions5451/1907/b3286zc/Online-Examination-System-3411/OnlineExamSystem/MCQSet.aspx.designer.cs
2025-12-22 06:41:40,733 - Knowledge - INFO - Found code-base-name: https://github.com/kavia-common/Online-Examination-System-3411.git:kavia-master
2025-12-22 06:41:40,941 - Knowledge - INFO - Found code_base: <app.utils.kg_build.knowledge.KnowledgeCodeBase object at 0x7f8a77705e10>
2025-12-22 06:41:41,149 - Knowledge - INFO - process ingested knowledge for /app/data/tataelxsimockapisolutions5451/1907/b3286zc/Online-Examination-System-3411/OnlineExamSystem/MCQExam.aspx.cs
2025-12-22 06:41:41,330 - Knowledge - INFO - Found code-base-name: https://github.com/kavia-common/Online-Examination-System-3411.git:kavia-master
2025-12-22 06:41:41,536 - Knowledge - INFO - Found code_base: <app.utils.kg_build.knowledge.KnowledgeCodeBase object at 0x7f8a77705e10>
2025-12-22 06:41:41,727 - Knowledge - INFO - process ingested knowledge for /app/data/tataelxsimockapisolutions5451/1907/b3286zc/Online-Examination-System-3411/OnlineExamSystem/AdminCourseQueue.aspx.cs
2025-12-22 06:41:41,970 - Knowledge - INFO - Found code-base-name: https://github.com/kavia-common/Online-Examination-System-3411.git:kavia-master
2025-12-22 06:41:42,120 - Knowledge - INFO - Found code_base: <app.utils.kg_build.knowledge.KnowledgeCodeBase object at 0x7f8a77705e10>
2025-12-22 06:41:42,287 - Knowledge - INFO - process ingested knowledge for /app/data/tataelxsimockapisolutions5451/1907/b3286zc/Online-Examination-System-3411/OnlineExamSystem/CSS/bootstrap.css
2025-12-22 06:41:42,461 - Knowledge - INFO - Found code-base-name: https://github.com/kavia-common/Online-Examination-System-3411.git:kavia-master
2025-12-22 06:41:42,633 - Knowledge - INFO - Found code_base: <app.utils.kg_build.knowledge.KnowledgeCodeBase object at 0x7f8a77705e10>
2025-12-22 06:41:42,844 - Knowledge - INFO - process ingested knowledge for /app/data/tataelxsimockapisolutions5451/1907/b3286zc/Online-Examination-System-3411/OnlineExamSystem/UserProfile.aspx.designer.cs
2025-12-22 06:41:43,011 - Knowledge - INFO - Found code-base-name: https://github.com/kavia-common/Online-Examination-System-3411.git:kavia-master
2025-12-22 06:41:43,207 - Knowledge - INFO - Found code_base: <app.utils.kg_build.knowledge.KnowledgeCodeBase object at 0x7f8a77705e10>
2025-12-22 06:41:43,359 - Knowledge - INFO - process ingested knowledge for /app/data/tataelxsimockapisolutions5451/1907/b3286zc/Online-Examination-System-3411/OnlineExamSystem/Dashboard.aspx.designer.cs
2025-12-22 06:41:43,548 - Knowledge - INFO - Found code-base-name: https://github.com/kavia-common/Online-Examination-System-3411.git:kavia-master
2025-12-22 06:41:43,708 - Knowledge - INFO - Found code_base: <app.utils.kg_build.knowledge.KnowledgeCodeBase object at 0x7f8a77705e10>
2025-12-22 06:41:43,920 - Knowledge - INFO - process ingested knowledge for /app/data/tataelxsimockapisolutions5451/1907/b3286zc/Online-Examination-System-3411/OnlineExamSystem/TakenCourses.aspx.cs
2025-12-22 06:41:44,101 - Knowledge - INFO - Found code-base-name: https://github.com/kavia-common/Online-Examination-System-3411.git:kavia-master
2025-12-22 06:41:44,261 - Knowledge - INFO - Found code_base: <app.utils.kg_build.knowledge.KnowledgeCodeBase object at 0x7f8a77705e10>
2025-12-22 06:41:44,428 - Knowledge - INFO - process ingested knowledge for /app/data/tataelxsimockapisolutions5451/1907/b3286zc/Online-Examination-System-3411/OnlineExamSystem/SetExam.aspx.cs
2025-12-22 06:41:44,599 - Knowledge - INFO - Found code-base-name: https://github.com/kavia-common/Online-Examination-System-3411.git:kavia-master
2025-12-22 06:41:44,764 - Knowledge - INFO - Found code_base: <app.utils.kg_build.knowledge.KnowledgeCodeBase object at 0x7f8a77705e10>
2025-12-22 06:41:44,932 - Knowledge - INFO - process ingested knowledge for /app/data/tataelxsimockapisolutions5451/1907/b3286zc/Online-Examination-System-3411/OnlineExamSystem/EditMCQ.aspx.cs
2025-12-22 06:41:45,105 - Knowledge - INFO - Found code-base-name: https://github.com/kavia-common/Online-Examination-System-3411.git:kavia-master
2025-12-22 06:41:45,255 - Knowledge - INFO - Found code_base: <app.utils.kg_build.knowledge.KnowledgeCodeBase object at 0x7f8a77705e10>
2025-12-22 06:41:45,475 - Knowledge - INFO - process ingested knowledge for /app/data/tataelxsimockapisolutions5451/1907/b3286zc/Online-Examination-System-3411/OnlineExamSystem/TheorySet.aspx.cs
2025-12-22 06:41:45,643 - Knowledge - INFO - Found code-base-name: https://github.com/kavia-common/Online-Examination-System-3411.git:kavia-master
2025-12-22 06:41:45,841 - Knowledge - INFO - Found code_base: <app.utils.kg_build.knowledge.KnowledgeCodeBase object at 0x7f8a77705e10>
2025-12-22 06:41:46,034 - Knowledge - INFO - process ingested knowledge for /app/data/tataelxsimockapisolutions5451/1907/b3286zc/Online-Examination-System-3411/OnlineExamSystem/ShowAns.aspx.cs
2025-12-22 06:41:46,214 - Knowledge - INFO - Found code-base-name: https://github.com/kavia-common/Online-Examination-System-3411.git:kavia-master
2025-12-22 06:41:46,368 - Knowledge - INFO - Found code_base: <app.utils.kg_build.knowledge.KnowledgeCodeBase object at 0x7f8a77705e10>
2025-12-22 06:41:46,526 - Knowledge - INFO - process ingested knowledge for /app/data/tataelxsimockapisolutions5451/1907/b3286zc/Online-Examination-System-3411/OnlineExamSystem/SignUpPage.aspx.cs
2025-12-22 06:41:46,743 - Knowledge - INFO - Found code-base-name: https://github.com/kavia-common/Online-Examination-System-3411.git:kavia-master
2025-12-22 06:41:46,941 - Knowledge - INFO - Found code_base: <app.utils.kg_build.knowledge.KnowledgeCodeBase object at 0x7f8a77705e10>
2025-12-22 06:41:47,096 - Knowledge - INFO - process ingested knowledge for /app/data/tataelxsimockapisolutions5451/1907/b3286zc/Online-Examination-System-3411/README.md
2025-12-22 06:41:47,252 - Knowledge - INFO - Found code-base-name: https://github.com/kavia-common/Online-Examination-System-3411.git:kavia-master
2025-12-22 06:41:47,433 - Knowledge - INFO - Found code_base: <app.utils.kg_build.knowledge.KnowledgeCodeBase object at 0x7f8a77705e10>
2025-12-22 06:41:47,594 - Knowledge - INFO - process ingested knowledge for /app/data/tataelxsimockapisolutions5451/1907/b3286zc/Online-Examination-System-3411/OnlineExamSystem/MCQExam.aspx.designer.cs
2025-12-22 06:41:47,788 - Knowledge - INFO - Found code-base-name: https://github.com/kavia-common/Online-Examination-System-3411.git:kavia-master
2025-12-22 06:41:47,957 - Knowledge - INFO - Found code_base: <app.utils.kg_build.knowledge.KnowledgeCodeBase object at 0x7f8a77705e10>
2025-12-22 06:41:48,110 - Knowledge - INFO - process ingested knowledge for /app/data/tataelxsimockapisolutions5451/1907/b3286zc/Online-Examination-System-3411/database-script/README.md
2025-12-22 06:41:48,281 - Knowledge - INFO - Found code-base-name: https://github.com/kavia-common/Online-Examination-System-3411.git:kavia-master
2025-12-22 06:41:48,443 - Knowledge - INFO - Found code_base: <app.utils.kg_build.knowledge.KnowledgeCodeBase object at 0x7f8a77705e10>
2025-12-22 06:41:48,646 - Knowledge - INFO - process ingested knowledge for /app/data/tataelxsimockapisolutions5451/1907/b3286zc/Online-Examination-System-3411/OnlineExamSystem/DownloadPdf.aspx.designer.cs
2025-12-22 06:41:48,801 - Knowledge - INFO - Found code-base-name: https://github.com/kavia-common/Online-Examination-System-3411.git:kavia-master
2025-12-22 06:41:48,960 - Knowledge - INFO - Found code_base: <app.utils.kg_build.knowledge.KnowledgeCodeBase object at 0x7f8a77705e10>
2025-12-22 06:41:49,126 - Knowledge - INFO - process ingested knowledge for /app/data/tataelxsimockapisolutions5451/1907/b3286zc/Online-Examination-System-3411/OnlineExamSystem/EditExam.aspx.cs
2025-12-22 06:41:49,347 - Knowledge - INFO - Found code-base-name: https://github.com/kavia-common/Online-Examination-System-3411.git:kavia-master
2025-12-22 06:41:49,526 - Knowledge - INFO - Found code_base: <app.utils.kg_build.knowledge.KnowledgeCodeBase object at 0x7f8a77705e10>
2025-12-22 06:41:49,689 - Knowledge - INFO - process ingested knowledge for /app/data/tataelxsimockapisolutions5451/1907/b3286zc/Online-Examination-System-3411/OnlineExamSystem/EditTheory.aspx.cs
2025-12-22 06:41:49,847 - Knowledge - INFO - Found code-base-name: https://github.com/kavia-common/Online-Examination-System-3411.git:kavia-master
2025-12-22 06:41:50,031 - Knowledge - INFO - Found code_base: <app.utils.kg_build.knowledge.KnowledgeCodeBase object at 0x7f8a77705e10>
2025-12-22 06:41:50,297 - Knowledge - INFO - process ingested knowledge for /app/data/tataelxsimockapisolutions5451/1907/b3286zc/Online-Examination-System-3411/OnlineExamSystem/StartExam.aspx.cs
2025-12-22 06:41:50,480 - Knowledge - INFO - Found code-base-name: https://github.com/kavia-common/Online-Examination-System-3411.git:kavia-master
2025-12-22 06:41:50,710 - Knowledge - INFO - Found code_base: <app.utils.kg_build.knowledge.KnowledgeCodeBase object at 0x7f8a77705e10>
2025-12-22 06:41:50,883 - Knowledge - INFO - process ingested knowledge for /app/data/tataelxsimockapisolutions5451/1907/b3286zc/Online-Examination-System-3411/OnlineExamSystem/AdminPanel.aspx.cs
2025-12-22 06:41:51,051 - Knowledge - INFO - Found code-base-name: https://github.com/kavia-common/Online-Examination-System-3411.git:kavia-master
2025-12-22 06:41:51,223 - Knowledge - INFO - Found code_base: <app.utils.kg_build.knowledge.KnowledgeCodeBase object at 0x7f8a77705e10>
2025-12-22 06:41:51,420 - Knowledge - INFO - process ingested knowledge for /app/data/tataelxsimockapisolutions5451/1907/b3286zc/Online-Examination-System-3411/OnlineExamSystem/ExamResult.aspx.designer.cs
2025-12-22 06:41:51,611 - Knowledge - INFO - Found code-base-name: https://github.com/kavia-common/Online-Examination-System-3411.git:kavia-master
2025-12-22 06:41:51,775 - Knowledge - INFO - Found code_base: <app.utils.kg_build.knowledge.KnowledgeCodeBase object at 0x7f8a77705e10>
2025-12-22 06:41:51,938 - Knowledge - INFO - process ingested knowledge for /app/data/tataelxsimockapisolutions5451/1907/b3286zc/Online-Examination-System-3411/OnlineExamSystem/LoginPage.aspx.designer.cs
2025-12-22 06:41:52,090 - Knowledge - INFO - Found code-base-name: https://github.com/kavia-common/Online-Examination-System-3411.git:kavia-master
2025-12-22 06:41:52,252 - Knowledge - INFO - Found code_base: <app.utils.kg_build.knowledge.KnowledgeCodeBase object at 0x7f8a77705e10>
2025-12-22 06:41:52,422 - Knowledge - INFO - process ingested knowledge for /app/data/tataelxsimockapisolutions5451/1907/b3286zc/Online-Examination-System-3411/OnlineExamSystem/TheoryExam.aspx.designer.cs
2025-12-22 06:41:52,646 - Knowledge - INFO - Found code-base-name: https://github.com/kavia-common/Online-Examination-System-3411.git:kavia-master
2025-12-22 06:41:52,817 - Knowledge - INFO - Found code_base: <app.utils.kg_build.knowledge.KnowledgeCodeBase object at 0x7f8a77705e10>
2025-12-22 06:41:53,000 - Knowledge - INFO - process ingested knowledge for /app/data/tataelxsimockapisolutions5451/1907/b3286zc/Online-Examination-System-3411/OnlineExamSystem/Leaderboard.aspx.cs
2025-12-22 06:41:53,192 - Knowledge - INFO - Found code-base-name: https://github.com/kavia-common/Online-Examination-System-3411.git:kavia-master
2025-12-22 06:41:53,352 - Knowledge - INFO - Found code_base: <app.utils.kg_build.knowledge.KnowledgeCodeBase object at 0x7f8a77705e10>
2025-12-22 06:41:53,545 - Knowledge - INFO - process ingested knowledge for /app/data/tataelxsimockapisolutions5451/1907/b3286zc/Online-Examination-System-3411/OnlineExamSystem/AdminQueue.aspx.designer.cs
2025-12-22 06:41:53,742 - Knowledge - INFO - Found code-base-name: https://github.com/kavia-common/Online-Examination-System-3411.git:kavia-master
2025-12-22 06:41:53,901 - Knowledge - INFO - Found code_base: <app.utils.kg_build.knowledge.KnowledgeCodeBase object at 0x7f8a77705e10>
2025-12-22 06:41:54,107 - Knowledge - INFO - process ingested knowledge for /app/data/tataelxsimockapisolutions5451/1907/b3286zc/Online-Examination-System-3411/OnlineExamSystem/AdminLeaderboard.aspx.designer.cs
2025-12-22 06:41:54,270 - Knowledge - INFO - Found code-base-name: https://github.com/kavia-common/Online-Examination-System-3411.git:kavia-master
2025-12-22 06:41:54,448 - Knowledge - INFO - Found code_base: <app.utils.kg_build.knowledge.KnowledgeCodeBase object at 0x7f8a77705e10>
2025-12-22 06:41:54,590 - Knowledge - INFO - process ingested knowledge for /app/data/tataelxsimockapisolutions5451/1907/b3286zc/Online-Examination-System-3411/OnlineExamSystem/MCQSet.aspx.cs
2025-12-22 06:41:54,764 - Knowledge - INFO - Loaded 50 files from persisted knowledge
2025-12-22 06:41:54,933 - Knowledge - INFO - load persisted knowledge: end
2025-12-22 06:41:55,114 - Knowledge - INFO - 📁 Disk load complete in 29.52s
2025-12-22 06:41:55,299 - Knowledge - INFO - [WEBSOCKET] Sent: Type=progress_update, Size: 160, Duration: 0ms
2025-12-22 06:41:55,512 - Knowledge - INFO - Worker kw1 created using shared MongoDB connection pool
2025-12-22 06:41:55,677 - Knowledge - INFO - knowledge worker kw1 start
2025-12-22 06:41:55,677 - Knowledge - INFO - Worker kw2 created using shared MongoDB connection pool
2025-12-22 06:41:55,849 - Knowledge - INFO - [kw1] Queue=50, InProgress=0, PendingWorkers=0/1, Completed=0/50 (0.0%)
2025-12-22 06:41:55,967 - Knowledge - INFO - knowledge worker kw2 start
2025-12-22 06:41:55,967 - Knowledge - INFO - Worker kw3 created using shared MongoDB connection pool
2025-12-22 06:41:56,058 - Knowledge - INFO - Batch sizing: calculated=4, max_allowed=10, queue=50, active_workers=0/2
2025-12-22 06:41:56,149 - Knowledge - INFO - [kw2] Queue=50, InProgress=0, PendingWorkers=0/2, Completed=0/50 (0.0%)
2025-12-22 06:41:56,263 - Knowledge - INFO - knowledge worker kw3 start
2025-12-22 06:41:56,263 - Knowledge - INFO - Worker kw4 created using shared MongoDB connection pool
2025-12-22 06:41:56,380 - Knowledge - INFO - Worker kw1 processing /app/data/tataelxsimockapisolutions5451/1907/b3286zc/Online-Examination-System-3411/OnlineExamSystem/Properties/AssemblyInfo.cs
2025-12-22 06:41:56,451 - Knowledge - INFO - Batch sizing: calculated=4, max_allowed=10, queue=50, active_workers=1/3
2025-12-22 06:41:56,564 - Knowledge - INFO - [kw3] Queue=46, InProgress=0, PendingWorkers=1/3, Completed=0/50 (0.0%)
2025-12-22 06:41:56,636 - Knowledge - INFO - knowledge worker kw4 start
2025-12-22 06:41:56,638 - Knowledge - INFO - Worker kw5 created using shared MongoDB connection pool
2025-12-22 06:41:56,730 - Knowledge - INFO - Fast-tracked /app/data/tataelxsimockapisolutions5451/1907/b3286zc/Online-Examination-System-3411/OnlineExamSystem/Properties/AssemblyInfo.cs (ext=.cs, size=1403)
2025-12-22 06:41:56,827 - Knowledge - INFO - Worker kw2 processing /app/data/tataelxsimockapisolutions5451/1907/b3286zc/Online-Examination-System-3411/OnlineExamSystem/TheorySet.aspx.designer.cs
2025-12-22 06:41:56,910 - Knowledge - INFO - Batch sizing: calculated=4, max_allowed=10, queue=46, active_workers=2/4
2025-12-22 06:41:56,992 - Knowledge - INFO - [kw4] Queue=42, InProgress=0, PendingWorkers=2/4, Completed=0/50 (0.0%)
2025-12-22 06:41:57,071 - Knowledge - INFO - knowledge worker kw5 start
2025-12-22 06:41:57,072 - Knowledge - INFO - Worker kw6 created using shared MongoDB connection pool
2025-12-22 06:41:57,177 - Knowledge - INFO - Worker kw1 processing /app/data/tataelxsimockapisolutions5451/1907/b3286zc/Online-Examination-System-3411/OnlineExamSystem/AdminLeaderboard.aspx.cs
2025-12-22 06:41:57,259 - Knowledge - INFO - Worker kw2 processing /app/data/tataelxsimockapisolutions5451/1907/b3286zc/Online-Examination-System-3411/OnlineExamSystem/EditMCQ.aspx.designer.cs
2025-12-22 06:41:57,326 - Knowledge - INFO - Worker kw3 processing /app/data/tataelxsimockapisolutions5451/1907/b3286zc/Online-Examination-System-3411/OnlineExamSystem/TheoryExam.aspx.cs
2025-12-22 06:41:57,463 - Knowledge - INFO - Batch sizing: calculated=4, max_allowed=10, queue=42, active_workers=3/5
2025-12-22 06:41:57,607 - Knowledge - INFO - [kw5] Queue=38, InProgress=0, PendingWorkers=3/5, Completed=0/50 (0.0%)
2025-12-22 06:41:57,649 - Knowledge - INFO - knowledge worker kw6 start
2025-12-22 06:41:57,650 - Knowledge - INFO - Worker kw7 created using shared MongoDB connection pool
2025-12-22 06:41:57,754 - Knowledge - INFO - Worker kw1 processing /app/data/tataelxsimockapisolutions5451/1907/b3286zc/Online-Examination-System-3411/OnlineExamSystem/AdminCourseQueue.aspx.designer.cs
2025-12-22 06:41:57,837 - Knowledge - INFO - Worker kw2 processing /app/data/tataelxsimockapisolutions5451/1907/b3286zc/Online-Examination-System-3411/OnlineExamSystem/LoginPage.aspx.cs
2025-12-22 06:41:57,921 - Knowledge - INFO - Worker kw3 processing /app/data/tataelxsimockapisolutions5451/1907/b3286zc/Online-Examination-System-3411/OnlineExamSystem/TakenCourses.aspx.designer.cs
2025-12-22 06:41:57,994 - Knowledge - INFO - Worker kw4 processing /app/data/tataelxsimockapisolutions5451/1907/b3286zc/Online-Examination-System-3411/OnlineExamSystem/SignUpPage.aspx.designer.cs
2025-12-22 06:41:58,076 - Knowledge - INFO - Batch sizing: calculated=4, max_allowed=10, queue=38, active_workers=4/6
2025-12-22 06:41:58,181 - Knowledge - INFO - [kw6] Queue=34, InProgress=0, PendingWorkers=4/6, Completed=0/50 (0.0%)
2025-12-22 06:41:58,246 - Knowledge - INFO - knowledge worker kw7 start
2025-12-22 06:41:58,246 - Knowledge - INFO - Worker kw8 created using shared MongoDB connection pool
2025-12-22 06:41:58,399 - Knowledge - INFO - Worker kw1 processing /app/data/tataelxsimockapisolutions5451/1907/b3286zc/Online-Examination-System-3411/OnlineExamSystem/AdminQueue.aspx.cs
2025-12-22 06:41:58,491 - Knowledge - INFO - Worker kw2 processing /app/data/tataelxsimockapisolutions5451/1907/b3286zc/Online-Examination-System-3411/database-script/Online-Examination-System-Databse-Script.sql
2025-12-22 06:41:58,559 - Knowledge - INFO - Worker kw3 processing /app/data/tataelxsimockapisolutions5451/1907/b3286zc/Online-Examination-System-3411/OnlineExamSystem/SetExam.aspx.designer.cs
2025-12-22 06:41:58,651 - Knowledge - INFO - Worker kw4 processing /app/data/tataelxsimockapisolutions5451/1907/b3286zc/Online-Examination-System-3411/OnlineExamSystem/DownloadPdf.aspx.cs
2025-12-22 06:41:58,725 - Knowledge - INFO - Worker kw5 processing /app/data/tataelxsimockapisolutions5451/1907/b3286zc/Online-Examination-System-3411/OnlineExamSystem/EditExam.aspx.designer.cs
2025-12-22 06:41:58,828 - Knowledge - INFO - Batch sizing: calculated=4, max_allowed=10, queue=34, active_workers=5/7
2025-12-22 06:41:58,907 - Knowledge - INFO - [kw7] Queue=30, InProgress=0, PendingWorkers=5/7, Completed=0/50 (0.0%)
2025-12-22 06:41:58,994 - Knowledge - INFO - knowledge worker kw8 start
2025-12-22 06:41:58,994 - Knowledge - INFO - Worker kw9 created using shared MongoDB connection pool
2025-12-22 06:41:59,153 - Knowledge - INFO - Fast-tracked /app/data/tataelxsimockapisolutions5451/1907/b3286zc/Online-Examination-System-3411/OnlineExamSystem/AdminQueue.aspx.cs (ext=.cs, size=1159)
2025-12-22 06:41:59,353 - Knowledge - INFO - Worker kw3 processing /app/data/tataelxsimockapisolutions5451/1907/b3286zc/Online-Examination-System-3411/OnlineExamSystem/ShowAns.aspx.designer.cs
2025-12-22 06:41:59,434 - Knowledge - INFO - Fast-tracked /app/data/tataelxsimockapisolutions5451/1907/b3286zc/Online-Examination-System-3411/OnlineExamSystem/DownloadPdf.aspx.cs (ext=.cs, size=1655)
2025-12-22 06:41:59,504 - Knowledge - INFO - Worker kw5 processing /app/data/tataelxsimockapisolutions5451/1907/b3286zc/Online-Examination-System-3411/OnlineExamSystem/UserProfile.aspx.cs
2025-12-22 06:41:59,592 - Knowledge - INFO - Worker kw6 processing /app/data/tataelxsimockapisolutions5451/1907/b3286zc/Online-Examination-System-3411/OnlineExamSystem/AdminPanel.aspx.designer.cs
2025-12-22 06:41:59,732 - Knowledge - INFO - Batch sizing: calculated=4, max_allowed=10, queue=30, active_workers=6/8
2025-12-22 06:41:59,843 - Knowledge - INFO - [kw8] Queue=26, InProgress=0, PendingWorkers=6/8, Completed=0/50 (0.0%)
2025-12-22 06:41:59,931 - Knowledge - INFO - knowledge worker kw9 start
2025-12-22 06:41:59,931 - Knowledge - INFO - Worker kw10 created using shared MongoDB connection pool
2025-12-22 06:42:00,003 - Knowledge - INFO - Fast-tracked /app/data/tataelxsimockapisolutions5451/1907/b3286zc/Online-Examination-System-3411/OnlineExamSystem/AdminLeaderboard.aspx.cs (small file (2319 bytes))
2025-12-22 06:42:00,166 - Knowledge - INFO - Worker kw4 processing /app/data/tataelxsimockapisolutions5451/1907/b3286zc/Online-Examination-System-3411/OnlineExamSystem/ExamResult.aspx.cs
2025-12-22 06:42:00,304 - Knowledge - INFO - Worker kw5 processing /app/data/tataelxsimockapisolutions5451/1907/b3286zc/Online-Examination-System-3411/OnlineExamSystem/Dashboard.aspx.cs
2025-12-22 06:42:00,412 - Knowledge - INFO - Worker kw6 processing /app/data/tataelxsimockapisolutions5451/1907/b3286zc/Online-Examination-System-3411/packages/Microsoft.CodeDom.Providers.DotNetCompilerPlatform.1.0.0/lib/net45/Microsoft.CodeDom.Providers.DotNetCompilerPlatform.xml
2025-12-22 06:42:00,493 - Knowledge - INFO - Worker kw7 processing /app/data/tataelxsimockapisolutions5451/1907/b3286zc/Online-Examination-System-3411/OnlineExamSystem/MCQExam.aspx.cs
2025-12-22 06:42:00,566 - Knowledge - INFO - Batch sizing: calculated=4, max_allowed=10, queue=26, active_workers=7/9
2025-12-22 06:42:00,677 - Knowledge - INFO - [kw9] Queue=22, InProgress=0, PendingWorkers=7/9, Completed=0/50 (0.0%)
2025-12-22 06:42:00,758 - Knowledge - INFO - knowledge worker kw10 start
2025-12-22 06:42:00,758 - Knowledge - INFO - Worker kw11 created using shared MongoDB connection pool
2025-12-22 06:42:00,925 - Knowledge - INFO - Worker kw4 processing /app/data/tataelxsimockapisolutions5451/1907/b3286zc/Online-Examination-System-3411/OnlineExamSystem/EditTheory.aspx.designer.cs
2025-12-22 06:42:01,023 - Knowledge - INFO - Fast-tracked /app/data/tataelxsimockapisolutions5451/1907/b3286zc/Online-Examination-System-3411/OnlineExamSystem/Dashboard.aspx.cs (ext=.cs, size=1014)
2025-12-22 06:42:01,103 - Knowledge - INFO - Fast-tracked /app/data/tataelxsimockapisolutions5451/1907/b3286zc/Online-Examination-System-3411/packages/Microsoft.CodeDom.Providers.DotNetCompilerPlatform.1.0.0/lib/net45/Microsoft.CodeDom.Providers.DotNetCompilerPlatform.xml (ext=.xml, size=1805)
2025-12-22 06:42:01,218 - Knowledge - INFO - Worker kw7 processing /app/data/tataelxsimockapisolutions5451/1907/b3286zc/Online-Examination-System-3411/OnlineExamSystem/AdminCourseQueue.aspx.cs
2025-12-22 06:42:01,310 - Knowledge - INFO - Worker kw8 processing /app/data/tataelxsimockapisolutions5451/1907/b3286zc/Online-Examination-System-3411/OnlineExamSystem/Dashboard.aspx.designer.cs
2025-12-22 06:42:01,416 - Knowledge - INFO - Batch sizing: calculated=4, max_allowed=10, queue=22, active_workers=8/10
2025-12-22 06:42:01,502 - Knowledge - INFO - [kw10] Queue=18, InProgress=0, PendingWorkers=8/10, Completed=0/50 (0.0%)
2025-12-22 06:42:01,577 - Knowledge - INFO - knowledge worker kw11 start
2025-12-22 06:42:01,577 - Knowledge - INFO - Worker kw12 created using shared MongoDB connection pool
2025-12-22 06:42:01,822 - Knowledge - INFO - Worker kw5 processing /app/data/tataelxsimockapisolutions5451/1907/b3286zc/Online-Examination-System-3411/OnlineExamSystem/StartExam.aspx.designer.cs
2025-12-22 06:42:01,927 - Knowledge - INFO - Worker kw6 processing /app/data/tataelxsimockapisolutions5451/1907/b3286zc/Online-Examination-System-3411/OnlineExamSystem/Leaderboard.aspx.designer.cs
2025-12-22 06:42:02,003 - Knowledge - INFO - Worker kw7 processing /app/data/tataelxsimockapisolutions5451/1907/b3286zc/Online-Examination-System-3411/OnlineExamSystem/CSS/bootstrap.css
2025-12-22 06:42:02,080 - Knowledge - INFO - Worker kw8 processing /app/data/tataelxsimockapisolutions5451/1907/b3286zc/Online-Examination-System-3411/OnlineExamSystem/TakenCourses.aspx.cs
2025-12-22 06:42:02,184 - Knowledge - INFO - Worker kw9 processing /app/data/tataelxsimockapisolutions5451/1907/b3286zc/Online-Examination-System-3411/OnlineExamSystem/TheorySet.aspx.cs
2025-12-22 06:42:02,315 - Knowledge - INFO - Batch sizing: calculated=4, max_allowed=10, queue=18, active_workers=9/11
2025-12-22 06:42:02,439 - Knowledge - INFO - [kw11] Queue=14, InProgress=0, PendingWorkers=9/11, Completed=0/50 (0.0%)
2025-12-22 06:42:02,520 - Knowledge - INFO - knowledge worker kw12 start
2025-12-22 06:42:02,521 - Knowledge - INFO - Worker kw13 created using shared MongoDB connection pool
2025-12-22 06:42:02,687 - Knowledge - INFO - Fast-tracked /app/data/tataelxsimockapisolutions5451/1907/b3286zc/Online-Examination-System-3411/OnlineExamSystem/LoginPage.aspx.cs (small file (2323 bytes))
2025-12-22 06:42:02,691 - Knowledge - INFO - Worker kw6 processing /app/data/tataelxsimockapisolutions5451/1907/b3286zc/Online-Examination-System-3411/OnlineExamSystem/MCQSet.aspx.designer.cs
2025-12-22 06:42:02,776 - Knowledge - INFO - Fast-tracked /app/data/tataelxsimockapisolutions5451/1907/b3286zc/Online-Examination-System-3411/OnlineExamSystem/CSS/bootstrap.css (ext=.css, size=260877)
2025-12-22 06:42:02,859 - Knowledge - INFO - Fast-tracked /app/data/tataelxsimockapisolutions5451/1907/b3286zc/Online-Examination-System-3411/OnlineExamSystem/TakenCourses.aspx.cs (ext=.cs, size=926)
2025-12-22 06:42:02,939 - Knowledge - INFO - Worker kw9 processing /app/data/tataelxsimockapisolutions5451/1907/b3286zc/Online-Examination-System-3411/OnlineExamSystem/ShowAns.aspx.cs
2025-12-22 06:42:03,014 - Knowledge - INFO - Worker kw10 processing /app/data/tataelxsimockapisolutions5451/1907/b3286zc/Online-Examination-System-3411/OnlineExamSystem/MCQExam.aspx.designer.cs
2025-12-22 06:42:03,148 - Knowledge - INFO - Batch sizing: calculated=4, max_allowed=10, queue=14, active_workers=10/12
2025-12-22 06:42:03,241 - Knowledge - INFO - [kw12] Queue=10, InProgress=0, PendingWorkers=10/12, Completed=0/50 (0.0%)
2025-12-22 06:42:03,337 - Knowledge - INFO - knowledge worker kw13 start
2025-12-22 06:42:03,338 - Knowledge - INFO - Worker kw14 created using shared MongoDB connection pool
2025-12-22 06:42:03,430 - Knowledge - INFO - Fast-tracked /app/data/tataelxsimockapisolutions5451/1907/b3286zc/Online-Examination-System-3411/database-script/Online-Examination-System-Databse-Script.sql (small file (0 bytes))
2025-12-22 06:42:03,585 - Knowledge - INFO - Worker kw7 processing /app/data/tataelxsimockapisolutions5451/1907/b3286zc/Online-Examination-System-3411/OnlineExamSystem/UserProfile.aspx.designer.cs
2025-12-22 06:42:03,678 - Knowledge - INFO - Worker kw8 processing /app/data/tataelxsimockapisolutions5451/1907/b3286zc/Online-Examination-System-3411/OnlineExamSystem/SetExam.aspx.cs
2025-12-22 06:42:03,767 - Knowledge - INFO - Worker kw9 processing /app/data/tataelxsimockapisolutions5451/1907/b3286zc/Online-Examination-System-3411/OnlineExamSystem/SignUpPage.aspx.cs
2025-12-22 06:42:03,844 - Knowledge - INFO - Worker kw10 processing /app/data/tataelxsimockapisolutions5451/1907/b3286zc/Online-Examination-System-3411/database-script/README.md
2025-12-22 06:42:03,908 - Knowledge - INFO - Worker kw11 processing /app/data/tataelxsimockapisolutions5451/1907/b3286zc/Online-Examination-System-3411/OnlineExamSystem/EditTheory.aspx.cs
2025-12-22 06:42:04,024 - Knowledge - INFO - Batch sizing: calculated=4, max_allowed=10, queue=10, active_workers=11/13
2025-12-22 06:42:04,201 - Knowledge - INFO - [kw13] Queue=6, InProgress=0, PendingWorkers=11/13, Completed=0/50 (0.0%)
2025-12-22 06:42:04,290 - Knowledge - INFO - knowledge worker kw14 start
2025-12-22 06:42:04,292 - Knowledge - INFO - Worker kw15 created using shared MongoDB connection pool
2025-12-22 06:42:04,559 - Knowledge - INFO - Fast-tracked /app/data/tataelxsimockapisolutions5451/1907/b3286zc/Online-Examination-System-3411/OnlineExamSystem/SetExam.aspx.cs (ext=.cs, size=1303)
2025-12-22 06:42:04,678 - Knowledge - INFO - Worker kw9 processing /app/data/tataelxsimockapisolutions5451/1907/b3286zc/Online-Examination-System-3411/README.md
2025-12-22 06:42:04,755 - Knowledge - INFO - Fast-tracked /app/data/tataelxsimockapisolutions5451/1907/b3286zc/Online-Examination-System-3411/database-script/README.md (ext=.md, size=45)
2025-12-22 06:42:04,845 - Knowledge - INFO - Worker kw11 processing /app/data/tataelxsimockapisolutions5451/1907/b3286zc/Online-Examination-System-3411/OnlineExamSystem/StartExam.aspx.cs
2025-12-22 06:42:04,954 - Knowledge - INFO - Worker kw12 processing /app/data/tataelxsimockapisolutions5451/1907/b3286zc/Online-Examination-System-3411/OnlineExamSystem/LoginPage.aspx.designer.cs
2025-12-22 06:42:05,010 - Knowledge - INFO - [LLM_CALL] Completed: AdminCourseQueue.aspx.designer.cs:chunk1, Duration: 4176ms, PromptTokens: 2334, CompletionTokens: 286, Cost: $0.00035
2025-12-22 06:42:05,029 - Knowledge - INFO - Batch sizing: calculated=4, max_allowed=10, queue=6, active_workers=12/14
2025-12-22 06:42:05,139 - Knowledge - INFO - [kw14] Queue=2, InProgress=0, PendingWorkers=12/14, Completed=0/50 (0.0%)
2025-12-22 06:42:05,380 - Knowledge - INFO - knowledge worker kw15 start
2025-12-22 06:42:05,386 - Knowledge - INFO - Worker kw16 created using shared MongoDB connection pool
2025-12-22 06:42:05,454 - Knowledge - INFO - Worker kw8 processing /app/data/tataelxsimockapisolutions5451/1907/b3286zc/Online-Examination-System-3411/OnlineExamSystem/EditMCQ.aspx.cs
2025-12-22 06:42:05,565 - Knowledge - INFO - Fast-tracked /app/data/tataelxsimockapisolutions5451/1907/b3286zc/Online-Examination-System-3411/README.md (ext=.md, size=1830)
2025-12-22 06:42:05,635 - Knowledge - INFO - Worker kw10 processing /app/data/tataelxsimockapisolutions5451/1907/b3286zc/Online-Examination-System-3411/OnlineExamSystem/DownloadPdf.aspx.designer.cs
2025-12-22 06:42:05,702 - Knowledge - INFO - Worker kw11 processing /app/data/tataelxsimockapisolutions5451/1907/b3286zc/Online-Examination-System-3411/OnlineExamSystem/AdminPanel.aspx.cs
2025-12-22 06:42:05,818 - Knowledge - INFO - Worker kw12 processing /app/data/tataelxsimockapisolutions5451/1907/b3286zc/Online-Examination-System-3411/OnlineExamSystem/TheoryExam.aspx.designer.cs
2025-12-22 06:42:06,001 - Knowledge - INFO - done ingest for /app/data/tataelxsimockapisolutions5451/1907/b3286zc/Online-Examination-System-3411/OnlineExamSystem/AdminCourseQueue.aspx.designer.cs
2025-12-22 06:42:06,192 - Knowledge - INFO - Worker kw13 processing /app/data/tataelxsimockapisolutions5451/1907/b3286zc/Online-Examination-System-3411/OnlineExamSystem/AdminLeaderboard.aspx.designer.cs
2025-12-22 06:42:06,372 - Knowledge - INFO - Batch sizing: calculated=2, max_allowed=10, queue=2, active_workers=13/15
2025-12-22 06:42:06,589 - Knowledge - INFO - [WEBSOCKET] Sent: Type=progress_update, Size: 160, Duration: 0ms
2025-12-22 06:42:06,662 - Knowledge - INFO - knowledge worker kw16 start
2025-12-22 06:42:06,668 - Knowledge - INFO - Worker kw17 created using shared MongoDB connection pool
2025-12-22 06:42:06,716 - Knowledge - INFO - Fast-tracked /app/data/tataelxsimockapisolutions5451/1907/b3286zc/Online-Examination-System-3411/OnlineExamSystem/UserProfile.aspx.cs (small file (2748 bytes))
2025-12-22 06:42:06,840 - Knowledge - INFO - Fast-tracked /app/data/tataelxsimockapisolutions5451/1907/b3286zc/Online-Examination-System-3411/OnlineExamSystem/Dashboard.aspx.designer.cs (small file (2951 bytes))
2025-12-22 06:42:06,945 - Knowledge - INFO - Worker kw10 processing /app/data/tataelxsimockapisolutions5451/1907/b3286zc/Online-Examination-System-3411/OnlineExamSystem/EditExam.aspx.cs
2025-12-22 06:42:07,020 - Knowledge - INFO - Fast-tracked /app/data/tataelxsimockapisolutions5451/1907/b3286zc/Online-Examination-System-3411/OnlineExamSystem/AdminPanel.aspx.cs (ext=.cs, size=1165)
2025-12-22 06:42:07,129 - Knowledge - INFO - Worker kw12 processing /app/data/tataelxsimockapisolutions5451/1907/b3286zc/Online-Examination-System-3411/OnlineExamSystem/Leaderboard.aspx.cs
2025-12-22 06:42:07,296 - Knowledge - INFO - Worker kw13 processing /app/data/tataelxsimockapisolutions5451/1907/b3286zc/Online-Examination-System-3411/OnlineExamSystem/MCQSet.aspx.cs
2025-12-22 06:42:07,571 - Knowledge - INFO - [LLM_CALL] Completed: EditMCQ.aspx.designer.cs:chunk1, Duration: 7392ms, PromptTokens: 2740, CompletionTokens: 350, Cost: $0.00041
2025-12-22 06:42:07,713 - Knowledge - INFO - Fast-tracked /app/data/tataelxsimockapisolutions5451/1907/b3286zc/Online-Examination-System-3411/OnlineExamSystem/AdminCourseQueue.aspx.cs (small file (2960 bytes))
2025-12-22 06:42:07,750 - Knowledge - INFO - knowledge worker kw17 start
2025-12-22 06:42:07,750 - Knowledge - INFO - Worker kw18 created using shared MongoDB connection pool
2025-12-22 06:42:07,984 - Knowledge - INFO - Fast-tracked /app/data/tataelxsimockapisolutions5451/1907/b3286zc/Online-Examination-System-3411/OnlineExamSystem/EditExam.aspx.cs (ext=.cs, size=1213)
2025-12-22 06:42:08,075 - Knowledge - INFO - Worker kw11 processing /app/data/tataelxsimockapisolutions5451/1907/b3286zc/Online-Examination-System-3411/OnlineExamSystem/ExamResult.aspx.designer.cs
2025-12-22 06:42:08,192 - Knowledge - INFO - Fast-tracked /app/data/tataelxsimockapisolutions5451/1907/b3286zc/Online-Examination-System-3411/OnlineExamSystem/Leaderboard.aspx.cs (ext=.cs, size=1907)
2025-12-22 06:42:08,391 - Knowledge - INFO - done ingest for /app/data/tataelxsimockapisolutions5451/1907/b3286zc/Online-Examination-System-3411/OnlineExamSystem/EditMCQ.aspx.designer.cs
2025-12-22 06:42:08,393 - Knowledge - INFO - Processing batch of 4 files
2025-12-22 06:42:08,394 - Knowledge - INFO - [WEBSOCKET] Sent: Type=unknown, Size: ?, Duration: 1805ms
2025-12-22 06:42:08,654 - Knowledge - INFO - knowledge worker kw18 start
2025-12-22 06:42:08,655 - Knowledge - INFO - Worker kw19 created using shared MongoDB connection pool
2025-12-22 06:42:08,874 - Knowledge - INFO - Worker kw12 processing /app/data/tataelxsimockapisolutions5451/1907/b3286zc/Online-Examination-System-3411/OnlineExamSystem/AdminQueue.aspx.designer.cs
2025-12-22 06:42:09,104 - Knowledge - INFO - process ingested knowledge for /app/data/tataelxsimockapisolutions5451/1907/b3286zc/Online-Examination-System-3411/OnlineExamSystem/Properties/AssemblyInfo.cs
2025-12-22 06:42:09,182 - Knowledge - INFO - Progress: 0.0% | Files: 4/50 | Rate: 0.03 files/sec | Queue: 0
2025-12-22 06:42:09,264 - Knowledge - INFO - [LLM_CALL] Completed: TheorySet.aspx.designer.cs:chunk1, Duration: 10000ms, PromptTokens: 4396, CompletionTokens: 384, Cost: $0.00059
2025-12-22 06:42:09,473 - Knowledge - INFO - knowledge worker kw19 start
2025-12-22 06:42:09,473 - Knowledge - INFO - Worker kw20 created using shared MongoDB connection pool
2025-12-22 06:42:09,672 - Knowledge - INFO - process ingested knowledge for /app/data/tataelxsimockapisolutions5451/1907/b3286zc/Online-Examination-System-3411/OnlineExamSystem/AdminLeaderboard.aspx.cs
2025-12-22 06:42:09,829 - Knowledge - INFO - done ingest for /app/data/tataelxsimockapisolutions5451/1907/b3286zc/Online-Examination-System-3411/OnlineExamSystem/TheorySet.aspx.designer.cs
2025-12-22 06:42:09,915 - Knowledge - INFO - [WEBSOCKET] Sent: Type=progress_update, Size: 289, Duration: 0ms
2025-12-22 06:42:10,000 - Knowledge - INFO - knowledge worker kw20 start
2025-12-22 06:42:10,114 - Knowledge - INFO - process ingested knowledge for /app/data/tataelxsimockapisolutions5451/1907/b3286zc/Online-Examination-System-3411/OnlineExamSystem/AdminCourseQueue.aspx.designer.cs
2025-12-22 06:42:10,265 - Knowledge - INFO - Processing batch of 4 files
2025-12-22 06:42:10,267 - Knowledge - INFO - [WEBSOCKET] Sent: Type=unknown, Size: ?, Duration: 352ms
2025-12-22 06:42:10,417 - Knowledge - INFO - process ingested knowledge for /app/data/tataelxsimockapisolutions5451/1907/b3286zc/Online-Examination-System-3411/OnlineExamSystem/AdminQueue.aspx.cs
2025-12-22 06:42:10,538 - Knowledge - INFO - process ingested knowledge for /app/data/tataelxsimockapisolutions5451/1907/b3286zc/Online-Examination-System-3411/OnlineExamSystem/TheorySet.aspx.designer.cs
2025-12-22 06:42:10,609 - Knowledge - INFO - Progress: 8.0% | Files: 8/50 | Rate: 0.05 files/sec | Queue: 0
2025-12-22 06:42:10,818 - Knowledge - INFO - process ingested knowledge for /app/data/tataelxsimockapisolutions5451/1907/b3286zc/Online-Examination-System-3411/OnlineExamSystem/EditMCQ.aspx.designer.cs
2025-12-22 06:42:11,054 - Knowledge - INFO - process ingested knowledge for /app/data/tataelxsimockapisolutions5451/1907/b3286zc/Online-Examination-System-3411/OnlineExamSystem/LoginPage.aspx.cs
2025-12-22 06:42:11,236 - Knowledge - INFO - process ingested knowledge for /app/data/tataelxsimockapisolutions5451/1907/b3286zc/Online-Examination-System-3411/database-script/Online-Examination-System-Databse-Script.sql
2025-12-22 06:42:21,862 - Knowledge - INFO - [LLM_CALL] Completed: UserProfile.aspx.designer.cs:chunk1, Duration: 12660ms, PromptTokens: 4074, CompletionTokens: 332, Cost: $0.00054
2025-12-22 06:42:22,080 - Knowledge - INFO - done ingest for /app/data/tataelxsimockapisolutions5451/1907/b3286zc/Online-Examination-System-3411/OnlineExamSystem/UserProfile.aspx.designer.cs
2025-12-22 06:42:22,271 - Knowledge - INFO - [LLM_CALL] Completed: EditMCQ.aspx.cs:chunk1, Duration: 13080ms, PromptTokens: 6828, CompletionTokens: 522, Cost: $0.00089
2025-12-22 06:42:22,461 - Knowledge - INFO - done ingest for /app/data/tataelxsimockapisolutions5451/1907/b3286zc/Online-Examination-System-3411/OnlineExamSystem/EditMCQ.aspx.cs
2025-12-22 06:42:22,847 - Knowledge - INFO - [LLM_CALL] Completed: EditTheory.aspx.designer.cs:chunk1, Duration: 13620ms, PromptTokens: 2736, CompletionTokens: 321, Cost: $0.00040
2025-12-22 06:42:23,099 - Knowledge - INFO - done ingest for /app/data/tataelxsimockapisolutions5451/1907/b3286zc/Online-Examination-System-3411/OnlineExamSystem/EditTheory.aspx.designer.cs
2025-12-22 06:42:23,110 - Knowledge - INFO - [LLM_CALL] Completed: EditExam.aspx.designer.cs:chunk1, Duration: 20500ms, PromptTokens: 2326, CompletionTokens: 286, Cost: $0.00035
2025-12-22 06:42:23,450 - Knowledge - INFO - done ingest for /app/data/tataelxsimockapisolutions5451/1907/b3286zc/Online-Examination-System-3411/OnlineExamSystem/EditExam.aspx.designer.cs
2025-12-22 06:42:23,460 - Knowledge - INFO - Processing batch of 4 files
2025-12-22 06:42:23,758 - Knowledge - INFO - process ingested knowledge for /app/data/tataelxsimockapisolutions5451/1907/b3286zc/Online-Examination-System-3411/OnlineExamSystem/Dashboard.aspx.designer.cs
2025-12-22 06:42:24,080 - Knowledge - INFO - process ingested knowledge for /app/data/tataelxsimockapisolutions5451/1907/b3286zc/Online-Examination-System-3411/OnlineExamSystem/TakenCourses.aspx.cs
2025-12-22 06:42:24,373 - Knowledge - INFO - process ingested knowledge for /app/data/tataelxsimockapisolutions5451/1907/b3286zc/Online-Examination-System-3411/OnlineExamSystem/SetExam.aspx.cs
2025-12-22 06:42:24,504 - Knowledge - INFO - [LLM_CALL] Completed: MCQExam.aspx.cs:chunk1, Duration: 20020ms, PromptTokens: 5282, CompletionTokens: 620, Cost: $0.00078
2025-12-22 06:42:24,691 - Knowledge - INFO - process ingested knowledge for /app/data/tataelxsimockapisolutions5451/1907/b3286zc/Online-Examination-System-3411/OnlineExamSystem/EditMCQ.aspx.cs
2025-12-22 06:42:24,781 - Knowledge - INFO - done ingest for /app/data/tataelxsimockapisolutions5451/1907/b3286zc/Online-Examination-System-3411/OnlineExamSystem/MCQExam.aspx.cs
2025-12-22 06:42:25,966 - Knowledge - INFO - Processing batch of 4 files
2025-12-22 06:42:26,047 - Knowledge - INFO - [LLM_CALL] Completed: ExamResult.aspx.cs:chunk1, Duration: 18493ms, PromptTokens: 2532, CompletionTokens: 457, Cost: $0.00044
2025-12-22 06:42:26,265 - Knowledge - INFO - process ingested knowledge for /app/data/tataelxsimockapisolutions5451/1907/b3286zc/Online-Examination-System-3411/OnlineExamSystem/MCQExam.aspx.cs
2025-12-22 06:42:26,396 - Knowledge - INFO - done ingest for /app/data/tataelxsimockapisolutions5451/1907/b3286zc/Online-Examination-System-3411/OnlineExamSystem/ExamResult.aspx.cs
2025-12-22 06:42:26,396 - Knowledge - INFO - [LLM_CALL] Completed: StartExam.aspx.designer.cs:chunk1, Duration: 17206ms, PromptTokens: 3504, CompletionTokens: 369, Cost: $0.00050
2025-12-22 06:42:26,524 - Knowledge - INFO - process ingested knowledge for /app/data/tataelxsimockapisolutions5451/1907/b3286zc/Online-Examination-System-3411/OnlineExamSystem/AdminCourseQueue.aspx.cs
2025-12-22 06:42:26,720 - Knowledge - INFO - done ingest for /app/data/tataelxsimockapisolutions5451/1907/b3286zc/Online-Examination-System-3411/OnlineExamSystem/StartExam.aspx.designer.cs
2025-12-22 06:42:26,840 - Knowledge - INFO - [LLM_CALL] Completed: SignUpPage.aspx.designer.cs:chunk1, Duration: 25104ms, PromptTokens: 4528, CompletionTokens: 402, Cost: $0.00061
2025-12-22 06:42:26,901 - Knowledge - INFO - process ingested knowledge for /app/data/tataelxsimockapisolutions5451/1907/b3286zc/Online-Examination-System-3411/OnlineExamSystem/CSS/bootstrap.css
2025-12-22 06:42:27,108 - Knowledge - INFO - done ingest for /app/data/tataelxsimockapisolutions5451/1907/b3286zc/Online-Examination-System-3411/OnlineExamSystem/SignUpPage.aspx.designer.cs
2025-12-22 06:42:27,120 - Knowledge - INFO - Fast-tracked /app/data/tataelxsimockapisolutions5451/1907/b3286zc/Online-Examination-System-3411/OnlineExamSystem/SignUpPage.aspx.cs (small file (2642 bytes))
2025-12-22 06:42:27,121 - Knowledge - INFO - Processing batch of 4 files
2025-12-22 06:42:27,134 - Knowledge - INFO - [WEBSOCKET] Sent: Type=progress_update, Size: 292, Duration: 24ms
2025-12-22 06:42:27,379 - Knowledge - INFO - process ingested knowledge for /app/data/tataelxsimockapisolutions5451/1907/b3286zc/Online-Examination-System-3411/OnlineExamSystem/UserProfile.aspx.designer.cs
2025-12-22 06:42:27,523 - Knowledge - INFO - process ingested knowledge for /app/data/tataelxsimockapisolutions5451/1907/b3286zc/Online-Examination-System-3411/OnlineExamSystem/EditExam.aspx.designer.cs
2025-12-22 06:42:27,603 - Knowledge - INFO - [LLM_CALL] Completed: SetExam.aspx.designer.cs:chunk1, Duration: 19211ms, PromptTokens: 2322, CompletionTokens: 293, Cost: $0.00035
2025-12-22 06:42:27,950 - Knowledge - INFO - process ingested knowledge for /app/data/tataelxsimockapisolutions5451/1907/b3286zc/Online-Examination-System-3411/OnlineExamSystem/UserProfile.aspx.cs
2025-12-22 06:42:28,002 - Knowledge - INFO - done ingest for /app/data/tataelxsimockapisolutions5451/1907/b3286zc/Online-Examination-System-3411/OnlineExamSystem/SetExam.aspx.designer.cs
2025-12-22 06:42:28,005 - Knowledge - INFO - Processing batch of 4 files
2025-12-22 06:42:28,021 - Knowledge - INFO - [WEBSOCKET] Sent: Type=unknown, Size: ?, Duration: 911ms
2025-12-22 06:42:28,165 - Knowledge - INFO - process ingested knowledge for /app/data/tataelxsimockapisolutions5451/1907/b3286zc/Online-Examination-System-3411/OnlineExamSystem/Dashboard.aspx.cs
2025-12-22 06:42:28,446 - Knowledge - INFO - process ingested knowledge for /app/data/tataelxsimockapisolutions5451/1907/b3286zc/Online-Examination-System-3411/OnlineExamSystem/SignUpPage.aspx.designer.cs
2025-12-22 06:42:28,548 - Knowledge - INFO - Progress: 32.0% | Files: 24/50 | Rate: 0.14 files/sec | Queue: 0
2025-12-22 06:42:29,090 - Knowledge - INFO - process ingested knowledge for /app/data/tataelxsimockapisolutions5451/1907/b3286zc/Online-Examination-System-3411/OnlineExamSystem/StartExam.aspx.designer.cs
2025-12-22 06:42:29,197 - Knowledge - INFO - process ingested knowledge for /app/data/tataelxsimockapisolutions5451/1907/b3286zc/Online-Examination-System-3411/OnlineExamSystem/DownloadPdf.aspx.cs
2025-12-22 06:42:30,105 - Knowledge - INFO - process ingested knowledge for /app/data/tataelxsimockapisolutions5451/1907/b3286zc/Online-Examination-System-3411/OnlineExamSystem/ExamResult.aspx.cs
2025-12-22 06:42:30,820 - Knowledge - INFO - [WEBSOCKET] Sent: Type=progress_update, Size: 292, Duration: 0ms
2025-12-22 06:42:30,936 - Knowledge - INFO - process ingested knowledge for /app/data/tataelxsimockapisolutions5451/1907/b3286zc/Online-Examination-System-3411/OnlineExamSystem/EditTheory.aspx.designer.cs
2025-12-22 06:42:31,187 - Knowledge - INFO - [WEBSOCKET] Sent: Type=unknown, Size: ?, Duration: 366ms
2025-12-22 06:42:31,490 - Knowledge - INFO - Progress: 48.0% | Files: 24/50 | Rate: 0.14 files/sec | Queue: 0
2025-12-22 06:42:31,507 - Knowledge - INFO - [LLM_CALL] Completed: AdminLeaderboard.aspx.designer.cs:chunk1, Duration: 22307ms, PromptTokens: 2592, CompletionTokens: 342, Cost: $0.00040
2025-12-22 06:42:31,905 - Knowledge - INFO - done ingest for /app/data/tataelxsimockapisolutions5451/1907/b3286zc/Online-Examination-System-3411/OnlineExamSystem/AdminLeaderboard.aspx.designer.cs
2025-12-22 06:42:31,908 - Knowledge - INFO - [LLM_CALL] Completed: AdminPanel.aspx.designer.cs:chunk1, Duration: 28400ms, PromptTokens: 2322, CompletionTokens: 264, Cost: $0.00034
2025-12-22 06:42:32,217 - Knowledge - INFO - done ingest for /app/data/tataelxsimockapisolutions5451/1907/b3286zc/Online-Examination-System-3411/OnlineExamSystem/AdminPanel.aspx.designer.cs
2025-12-22 06:42:34,986 - Knowledge - INFO - [LLM_CALL] Completed: TakenCourses.aspx.designer.cs:chunk1, Duration: 32419ms, PromptTokens: 2852, CompletionTokens: 304, Cost: $0.00041
2025-12-22 06:42:35,191 - Knowledge - INFO - done ingest for /app/data/tataelxsimockapisolutions5451/1907/b3286zc/Online-Examination-System-3411/OnlineExamSystem/TakenCourses.aspx.designer.cs
2025-12-22 06:42:38,279 - Knowledge - INFO - [LLM_CALL] Completed: DownloadPdf.aspx.designer.cs:chunk1, Duration: 17647ms, PromptTokens: 5036, CompletionTokens: 399, Cost: $0.00066
2025-12-22 06:42:38,660 - Knowledge - INFO - done ingest for /app/data/tataelxsimockapisolutions5451/1907/b3286zc/Online-Examination-System-3411/OnlineExamSystem/DownloadPdf.aspx.designer.cs
2025-12-22 06:42:39,078 - Knowledge - INFO - [LLM_CALL] Completed: ShowAns.aspx.cs:chunk1, Duration: 22847ms, PromptTokens: 5282, CompletionTokens: 489, Cost: $0.00072
2025-12-22 06:42:39,311 - Knowledge - INFO - done ingest for /app/data/tataelxsimockapisolutions5451/1907/b3286zc/Online-Examination-System-3411/OnlineExamSystem/ShowAns.aspx.cs
2025-12-22 06:42:39,313 - Knowledge - INFO - [LLM_CALL] Completed: MCQSet.aspx.cs:chunk1, Duration: 22374ms, PromptTokens: 9180, CompletionTokens: 629, Cost: $0.00117
2025-12-22 06:42:39,770 - Knowledge - INFO - done ingest for /app/data/tataelxsimockapisolutions5451/1907/b3286zc/Online-Examination-System-3411/OnlineExamSystem/MCQSet.aspx.cs
2025-12-22 06:42:39,774 - Knowledge - INFO - [LLM_CALL] Completed: MCQSet.aspx.designer.cs:chunk1, Duration: 22364ms, PromptTokens: 5184, CompletionTokens: 426, Cost: $0.00069
2025-12-22 06:42:40,378 - Knowledge - INFO - done ingest for /app/data/tataelxsimockapisolutions5451/1907/b3286zc/Online-Examination-System-3411/OnlineExamSystem/MCQSet.aspx.designer.cs
2025-12-22 06:42:40,633 - Knowledge - INFO - [LLM_CALL] Completed: MCQExam.aspx.designer.cs:chunk1, Duration: 31423ms, PromptTokens: 4736, CompletionTokens: 415, Cost: $0.00064
2025-12-22 06:42:40,930 - Knowledge - INFO - done ingest for /app/data/tataelxsimockapisolutions5451/1907/b3286zc/Online-Examination-System-3411/OnlineExamSystem/MCQExam.aspx.designer.cs
2025-12-22 06:42:41,002 - Knowledge - INFO - [LLM_CALL] Completed: TheorySet.aspx.cs:chunk1, Duration: 32610ms, PromptTokens: 8970, CompletionTokens: 615, Cost: $0.00114
2025-12-22 06:42:41,469 - Knowledge - INFO - done ingest for /app/data/tataelxsimockapisolutions5451/1907/b3286zc/Online-Examination-System-3411/OnlineExamSystem/TheorySet.aspx.cs
2025-12-22 06:42:41,475 - Knowledge - INFO - [LLM_CALL] Completed: AdminQueue.aspx.designer.cs:chunk1, Duration: 13462ms, PromptTokens: 2334, CompletionTokens: 296, Cost: $0.00035
2025-12-22 06:42:41,889 - Knowledge - INFO - done ingest for /app/data/tataelxsimockapisolutions5451/1907/b3286zc/Online-Examination-System-3411/OnlineExamSystem/AdminQueue.aspx.designer.cs
2025-12-22 06:42:41,896 - Knowledge - INFO - Processing batch of 2 files
2025-12-22 06:42:42,017 - Knowledge - INFO - [LLM_CALL] Completed: TheoryExam.aspx.cs:chunk1, Duration: 41925ms, PromptTokens: 6522, CompletionTokens: 591, Cost: $0.00089
2025-12-22 06:42:42,231 - Knowledge - INFO - process ingested knowledge for /app/data/tataelxsimockapisolutions5451/1907/b3286zc/Online-Examination-System-3411/OnlineExamSystem/AdminLeaderboard.aspx.designer.cs
2025-12-22 06:42:42,332 - Knowledge - INFO - done ingest for /app/data/tataelxsimockapisolutions5451/1907/b3286zc/Online-Examination-System-3411/OnlineExamSystem/TheoryExam.aspx.cs
2025-12-22 06:42:42,335 - Knowledge - INFO - [LLM_CALL] Completed: Leaderboard.aspx.designer.cs:chunk1, Duration: 33942ms, PromptTokens: 2332, CompletionTokens: 289, Cost: $0.00035
2025-12-22 06:42:42,720 - Knowledge - INFO - done ingest for /app/data/tataelxsimockapisolutions5451/1907/b3286zc/Online-Examination-System-3411/OnlineExamSystem/Leaderboard.aspx.designer.cs
2025-12-22 06:42:42,721 - Knowledge - INFO - Processing batch of 4 files
2025-12-22 06:42:42,727 - Knowledge - INFO - Processing batch of 4 files
2025-12-22 06:42:42,967 - Knowledge - INFO - process ingested knowledge for /app/data/tataelxsimockapisolutions5451/1907/b3286zc/Online-Examination-System-3411/OnlineExamSystem/MCQSet.aspx.cs
2025-12-22 06:42:43,176 - Knowledge - INFO - [LLM_CALL] Completed: LoginPage.aspx.designer.cs:chunk1, Duration: 33346ms, PromptTokens: 2338, CompletionTokens: 282, Cost: $0.00035
2025-12-22 06:42:43,196 - Knowledge - INFO - process ingested knowledge for /app/data/tataelxsimockapisolutions5451/1907/b3286zc/Online-Examination-System-3411/OnlineExamSystem/TheorySet.aspx.cs
2025-12-22 06:42:43,360 - Knowledge - INFO - process ingested knowledge for /app/data/tataelxsimockapisolutions5451/1907/b3286zc/Online-Examination-System-3411/OnlineExamSystem/MCQExam.aspx.designer.cs
2025-12-22 06:42:43,637 - Knowledge - INFO - done ingest for /app/data/tataelxsimockapisolutions5451/1907/b3286zc/Online-Examination-System-3411/OnlineExamSystem/LoginPage.aspx.designer.cs
2025-12-22 06:42:43,735 - Knowledge - INFO - Processing batch of 4 files
2025-12-22 06:42:44,107 - Knowledge - INFO - process ingested knowledge for /app/data/tataelxsimockapisolutions5451/1907/b3286zc/Online-Examination-System-3411/database-script/README.md
2025-12-22 06:42:44,151 - Knowledge - INFO - process ingested knowledge for /app/data/tataelxsimockapisolutions5451/1907/b3286zc/Online-Examination-System-3411/OnlineExamSystem/ShowAns.aspx.cs
2025-12-22 06:42:44,174 - Knowledge - INFO - process ingested knowledge for /app/data/tataelxsimockapisolutions5451/1907/b3286zc/Online-Examination-System-3411/OnlineExamSystem/AdminPanel.aspx.designer.cs
2025-12-22 06:42:44,419 - Knowledge - INFO - [LLM_CALL] Completed: ShowAns.aspx.designer.cs:chunk1, Duration: 30820ms, PromptTokens: 9956, CompletionTokens: 602, Cost: $0.00124
2025-12-22 06:42:44,762 - Knowledge - INFO - process ingested knowledge for /app/data/tataelxsimockapisolutions5451/1907/b3286zc/Online-Examination-System-3411/OnlineExamSystem/SignUpPage.aspx.cs
2025-12-22 06:42:44,824 - Knowledge - INFO - done ingest for /app/data/tataelxsimockapisolutions5451/1907/b3286zc/Online-Examination-System-3411/OnlineExamSystem/ShowAns.aspx.designer.cs
2025-12-22 06:42:44,836 - Knowledge - INFO - process ingested knowledge for /app/data/tataelxsimockapisolutions5451/1907/b3286zc/Online-Examination-System-3411/OnlineExamSystem/DownloadPdf.aspx.designer.cs
2025-12-22 06:42:45,282 - Knowledge - INFO - process ingested knowledge for /app/data/tataelxsimockapisolutions5451/1907/b3286zc/Online-Examination-System-3411/packages/Microsoft.CodeDom.Providers.DotNetCompilerPlatform.1.0.0/lib/net45/Microsoft.CodeDom.Providers.DotNetCompilerPlatform.xml
2025-12-22 06:42:45,292 - Knowledge - INFO - [WEBSOCKET] Sent: Type=progress_update, Size: 287, Duration: 0ms
2025-12-22 06:42:45,452 - Knowledge - INFO - process ingested knowledge for /app/data/tataelxsimockapisolutions5451/1907/b3286zc/Online-Examination-System-3411/OnlineExamSystem/EditExam.aspx.cs
2025-12-22 06:42:45,461 - Knowledge - INFO - process ingested knowledge for /app/data/tataelxsimockapisolutions5451/1907/b3286zc/Online-Examination-System-3411/README.md
2025-12-22 06:42:45,597 - Knowledge - INFO - [WEBSOCKET] Sent: Type=unknown, Size: ?, Duration: 305ms
2025-12-22 06:42:45,772 - Knowledge - INFO - process ingested knowledge for /app/data/tataelxsimockapisolutions5451/1907/b3286zc/Online-Examination-System-3411/OnlineExamSystem/Leaderboard.aspx.designer.cs
2025-12-22 06:42:45,932 - Knowledge - INFO - Progress: 76.0% | Files: 42/50 | Rate: 0.22 files/sec | Queue: 0
2025-12-22 06:42:45,932 - Knowledge - INFO - [LLM_CALL] Completed: ExamResult.aspx.designer.cs:chunk1, Duration: 17368ms, PromptTokens: 5788, CompletionTokens: 407, Cost: $0.00074
2025-12-22 06:42:46,218 - Knowledge - INFO - process ingested knowledge for /app/data/tataelxsimockapisolutions5451/1907/b3286zc/Online-Examination-System-3411/OnlineExamSystem/MCQSet.aspx.designer.cs
2025-12-22 06:42:46,262 - Knowledge - INFO - done ingest for /app/data/tataelxsimockapisolutions5451/1907/b3286zc/Online-Examination-System-3411/OnlineExamSystem/ExamResult.aspx.designer.cs
2025-12-22 06:42:46,262 - Knowledge - INFO - [LLM_CALL] Completed: TheoryExam.aspx.designer.cs:chunk1, Duration: 28132ms, PromptTokens: 7832, CompletionTokens: 506, Cost: $0.00099
2025-12-22 06:42:46,664 - Knowledge - INFO - done ingest for /app/data/tataelxsimockapisolutions5451/1907/b3286zc/Online-Examination-System-3411/OnlineExamSystem/TheoryExam.aspx.designer.cs
2025-12-22 06:42:46,675 - Knowledge - INFO - Processing batch of 4 files
2025-12-22 06:42:47,086 - Knowledge - INFO - process ingested knowledge for /app/data/tataelxsimockapisolutions5451/1907/b3286zc/Online-Examination-System-3411/OnlineExamSystem/TheoryExam.aspx.cs
2025-12-22 06:42:48,397 - Knowledge - INFO - process ingested knowledge for /app/data/tataelxsimockapisolutions5451/1907/b3286zc/Online-Examination-System-3411/OnlineExamSystem/TakenCourses.aspx.designer.cs
2025-12-22 06:42:48,684 - Knowledge - INFO - process ingested knowledge for /app/data/tataelxsimockapisolutions5451/1907/b3286zc/Online-Examination-System-3411/OnlineExamSystem/SetExam.aspx.designer.cs
2025-12-22 06:42:48,684 - Knowledge - INFO - Processing batch of 4 files
2025-12-22 06:42:49,380 - Knowledge - INFO - process ingested knowledge for /app/data/tataelxsimockapisolutions5451/1907/b3286zc/Online-Examination-System-3411/OnlineExamSystem/LoginPage.aspx.designer.cs
2025-12-22 06:42:49,483 - Knowledge - INFO - process ingested knowledge for /app/data/tataelxsimockapisolutions5451/1907/b3286zc/Online-Examination-System-3411/OnlineExamSystem/ShowAns.aspx.designer.cs
2025-12-22 06:42:50,963 - Knowledge - INFO - process ingested knowledge for /app/data/tataelxsimockapisolutions5451/1907/b3286zc/Online-Examination-System-3411/OnlineExamSystem/TheoryExam.aspx.designer.cs
2025-12-22 06:42:50,993 - Knowledge - INFO - [LLM_CALL] Completed: EditTheory.aspx.cs:chunk1, Duration: 41784ms, PromptTokens: 6822, CompletionTokens: 591, Cost: $0.00092
2025-12-22 06:42:51,194 - Knowledge - INFO - process ingested knowledge for /app/data/tataelxsimockapisolutions5451/1907/b3286zc/Online-Examination-System-3411/OnlineExamSystem/Leaderboard.aspx.cs
2025-12-22 06:42:51,259 - Knowledge - INFO - done ingest for /app/data/tataelxsimockapisolutions5451/1907/b3286zc/Online-Examination-System-3411/OnlineExamSystem/EditTheory.aspx.cs
2025-12-22 06:42:51,259 - Knowledge - INFO - [WEBSOCKET] Sent: Type=progress_update, Size: 288, Duration: 0ms
2025-12-22 06:42:51,402 - Knowledge - INFO - process ingested knowledge for /app/data/tataelxsimockapisolutions5451/1907/b3286zc/Online-Examination-System-3411/OnlineExamSystem/AdminQueue.aspx.designer.cs
2025-12-22 06:42:51,991 - Knowledge - INFO - [WEBSOCKET] Sent: Type=unknown, Size: ?, Duration: 731ms
2025-12-22 06:42:52,368 - Knowledge - INFO - Progress: 92.0% | Files: 46/50 | Rate: 0.24 files/sec | Queue: 0
2025-12-22 06:43:11,162 - Knowledge - INFO - [LLM_CALL] Completed: StartExam.aspx.cs:chunk1, Duration: 51690ms, PromptTokens: 6630, CompletionTokens: 8000, Cost: $0.00386
2025-12-22 06:43:11,316 - Knowledge - ERROR - Failed to parse LLM response as JSON for /app/data/tataelxsimockapisolutions5451/1907/b3286zc/Online-Examination-System-3411/OnlineExamSystem/StartExam.aspx.cs, chunk 1
2025-12-22 06:43:11,493 - Knowledge - INFO - done ingest for /app/data/tataelxsimockapisolutions5451/1907/b3286zc/Online-Examination-System-3411/OnlineExamSystem/StartExam.aspx.cs
2025-12-22 06:43:11,711 - Knowledge - INFO - Processing batch of 4 files
2025-12-22 06:43:11,883 - Knowledge - INFO - process ingested knowledge for /app/data/tataelxsimockapisolutions5451/1907/b3286zc/Online-Examination-System-3411/OnlineExamSystem/EditTheory.aspx.cs
2025-12-22 06:43:12,067 - Knowledge - INFO - process ingested knowledge for /app/data/tataelxsimockapisolutions5451/1907/b3286zc/Online-Examination-System-3411/OnlineExamSystem/StartExam.aspx.cs
2025-12-22 06:43:12,225 - Knowledge - INFO - process ingested knowledge for /app/data/tataelxsimockapisolutions5451/1907/b3286zc/Online-Examination-System-3411/OnlineExamSystem/AdminPanel.aspx.cs
2025-12-22 06:43:12,413 - Knowledge - INFO - process ingested knowledge for /app/data/tataelxsimockapisolutions5451/1907/b3286zc/Online-Examination-System-3411/OnlineExamSystem/ExamResult.aspx.designer.cs
2025-12-22 06:43:12,881 - Knowledge - INFO - [WEBSOCKET] Sent: Type=progress_update, Size: 290, Duration: 0ms
2025-12-22 06:43:13,090 - Knowledge - INFO - [WEBSOCKET] Sent: Type=unknown, Size: ?, Duration: 208ms
2025-12-22 06:43:13,240 - Knowledge - INFO - Progress: 100.0% | Files: 50/50 | Rate: 0.23 files/sec | Queue: 0
2025-12-22 06:43:13,403 - Knowledge - INFO - Knowledge creation complete
2025-12-22 06:43:13,603 - Knowledge - INFO - ==================================================
2025-12-22 06:43:13,809 - Knowledge - INFO - KNOWLEDGE GRAPH GENERATION PERFORMANCE SUMMARY
2025-12-22 06:43:13,958 - Knowledge - INFO - ==================================================
2025-12-22 06:43:14,152 - Knowledge - INFO - Total processing time: 216.19 seconds (3.60 minutes)
2025-12-22 06:43:14,330 - Knowledge - INFO - Files processed: 0
2025-12-22 06:43:14,496 - Knowledge - INFO - Processing rate: 0.00 files/second
2025-12-22 06:43:14,654 - Knowledge - INFO - 
[TIME_BREAKDOWN]
2025-12-22 06:43:14,799 - Knowledge - INFO - File Reading: 0.00s (0.0%)
2025-12-22 06:43:14,969 - Knowledge - INFO - LLM Processing: 706.32s (326.7%)
2025-12-22 06:43:15,128 - Knowledge - INFO - MongoDB Operations: 4.66s (2.2%)
2025-12-22 06:43:15,318 - Knowledge - INFO - Redis Operations: 13.70s (6.3%)
2025-12-22 06:43:15,508 - Knowledge - INFO - WebSocket Communication: 4.70s (2.2%)
2025-12-22 06:43:15,660 - Knowledge - INFO - 
[LLM_STATS]
2025-12-22 06:43:15,854 - Knowledge - INFO - Total LLM calls: 30
2025-12-22 06:43:16,017 - Knowledge - INFO - Average LLM response time: 23544ms
2025-12-22 06:43:16,194 - Knowledge - INFO - Average prompt tokens: 4677.0
2025-12-22 06:43:16,371 - Knowledge - INFO - Average completion tokens: 669.0
2025-12-22 06:43:16,513 - Knowledge - INFO - Total prompt tokens: 140310
2025-12-22 06:43:16,694 - Knowledge - INFO - Total completion tokens: 20069
2025-12-22 06:43:16,834 - Knowledge - INFO - Total LLM cost: $0.0221
2025-12-22 06:43:17,035 - Knowledge - INFO - 
[DATABASE_STATS]
2025-12-22 06:43:17,189 - Knowledge - INFO - MongoDB operations: 50
2025-12-22 06:43:17,355 - Knowledge - INFO -   persist: 50
2025-12-22 06:43:17,554 - Knowledge - INFO - Redis operations: 50
2025-12-22 06:43:17,707 - Knowledge - INFO -   store_embedding: 50
2025-12-22 06:43:17,875 - Knowledge - INFO - 
[COMMUNICATION_STATS]
2025-12-22 06:43:18,037 - Knowledge - INFO - WebSocket messages sent: 15
2025-12-22 06:43:18,222 - Knowledge - INFO - Average message size: 137.2 bytes
2025-12-22 06:43:18,422 - Knowledge - INFO - 
[WORKER_STATS]
2025-12-22 06:43:18,573 - Knowledge - INFO - 
[FILE_TYPE_STATS]
2025-12-22 06:43:18,759 - Knowledge - INFO - 
[SLOWEST_FILES]
2025-12-22 06:43:18,916 - Knowledge - INFO - ==================================================
2025-12-22 06:43:19,081 - Knowledge - INFO - ==================================================
2025-12-22 06:43:19,269 - Knowledge - INFO - KNOWLEDGE GRAPH GENERATION PERFORMANCE SUMMARY
2025-12-22 06:43:19,439 - Knowledge - INFO - ==================================================
2025-12-22 06:43:19,602 - Knowledge - INFO - Total processing time: 221.72 seconds (3.70 minutes)
2025-12-22 06:43:19,789 - Knowledge - INFO - Files processed: 50 of 50
2025-12-22 06:43:19,977 - Knowledge - INFO - Processing rate: 0.23 files/second
2025-12-22 06:43:20,127 - Knowledge - INFO - WebSocket messages sent: 7
2025-12-22 06:43:20,355 - Knowledge - INFO - MongoDB operations: 50
2025-12-22 06:43:20,502 - Knowledge - INFO - Average MongoDB ops per file: 1.00
2025-12-22 06:43:20,658 - Knowledge - INFO - LLM costs: $0.0221
2025-12-22 06:43:20,816 - Knowledge - INFO - Prompt tokens: 140310
2025-12-22 06:43:20,997 - Knowledge - INFO - Completion tokens: 20069
2025-12-22 06:43:21,149 - Knowledge - INFO - Updating org costs, total cost: 0.022058599999999994
2025-12-22 06:43:22,302 - Knowledge - INFO - [WEBSOCKET] Sent: Type=progress_update, Size: 285, Duration: 0ms
2025-12-22 06:43:22,492 - Knowledge - INFO - Saving knowledge to Redis...
2025-12-22 06:43:22,701 - Knowledge - INFO - Knowledge saved to Redis successfully
2025-12-22 07:03:58,431 - Knowledge - INFO - Created shared MongoDB connection pool
2025-12-22 07:03:58,754 - Knowledge - INFO - Starting Knowledge Graph processing with 20 threads
2025-12-22 07:03:58,946 - Knowledge - INFO - Initial configuration: chunk_size=65536, max_cache_size=500
2025-12-22 07:03:59,140 - Knowledge - INFO - Knowledge Graph concurrency configuration: workers=20, max_batch_size=10, max_concurrent_llm_calls=50
2025-12-22 07:04:00,290 - Knowledge - INFO - 🔍 _load_persisted_knowledge called - checking for Redis optimization
2025-12-22 07:04:00,471 - Knowledge - WARNING - ❌ load_from_redis method not found - Redis support not attached
2025-12-22 07:04:00,667 - Knowledge - INFO - load persisted knowledge: begin
2025-12-22 07:04:01,268 - Knowledge - INFO - Persisted knowledge files in /app/data/tataelxsimockapisolutions5451/1907/b3286zc/Online-Examination-System-3411/.knowledge have been renamed to use .json
2025-12-22 07:04:01,748 - Knowledge - INFO - Found code-base-name: https://github.com/kavia-common/Online-Examination-System-3411.git:kavia-master
2025-12-22 07:04:01,934 - Knowledge - INFO - Found code_base: <app.utils.kg_build.knowledge.KnowledgeCodeBase object at 0x7fa4c5a1afd0>
2025-12-22 07:04:02,152 - Knowledge - INFO - process ingested knowledge for /app/data/tataelxsimockapisolutions5451/1907/b3286zc/Online-Examination-System-3411/OnlineExamSystem/Properties/AssemblyInfo.cs
2025-12-22 07:04:02,329 - Knowledge - INFO - Found code-base-name: https://github.com/kavia-common/Online-Examination-System-3411.git:kavia-master
2025-12-22 07:04:02,520 - Knowledge - INFO - Found code_base: <app.utils.kg_build.knowledge.KnowledgeCodeBase object at 0x7fa4c5a1afd0>
2025-12-22 07:04:02,731 - Knowledge - INFO - process ingested knowledge for /app/data/tataelxsimockapisolutions5451/1907/b3286zc/Online-Examination-System-3411/OnlineExamSystem/AdminLeaderboard.aspx.cs
2025-12-22 07:04:02,911 - Knowledge - INFO - Found code-base-name: https://github.com/kavia-common/Online-Examination-System-3411.git:kavia-master
2025-12-22 07:04:03,100 - Knowledge - INFO - Found code_base: <app.utils.kg_build.knowledge.KnowledgeCodeBase object at 0x7fa4c5a1afd0>
2025-12-22 07:04:03,251 - Knowledge - INFO - process ingested knowledge for /app/data/tataelxsimockapisolutions5451/1907/b3286zc/Online-Examination-System-3411/OnlineExamSystem/AdminCourseQueue.aspx.designer.cs
2025-12-22 07:04:03,468 - Knowledge - INFO - Found code-base-name: https://github.com/kavia-common/Online-Examination-System-3411.git:kavia-master
2025-12-22 07:04:03,660 - Knowledge - INFO - Found code_base: <app.utils.kg_build.knowledge.KnowledgeCodeBase object at 0x7fa4c5a1afd0>
2025-12-22 07:04:03,840 - Knowledge - INFO - process ingested knowledge for /app/data/tataelxsimockapisolutions5451/1907/b3286zc/Online-Examination-System-3411/OnlineExamSystem/AdminQueue.aspx.cs
2025-12-22 07:04:04,030 - Knowledge - INFO - Found code-base-name: https://github.com/kavia-common/Online-Examination-System-3411.git:kavia-master
2025-12-22 07:04:04,245 - Knowledge - INFO - Found code_base: <app.utils.kg_build.knowledge.KnowledgeCodeBase object at 0x7fa4c5a1afd0>
2025-12-22 07:04:04,445 - Knowledge - INFO - process ingested knowledge for /app/data/tataelxsimockapisolutions5451/1907/b3286zc/Online-Examination-System-3411/OnlineExamSystem/TheorySet.aspx.designer.cs
2025-12-22 07:04:04,642 - Knowledge - INFO - Found code-base-name: https://github.com/kavia-common/Online-Examination-System-3411.git:kavia-master
2025-12-22 07:04:04,810 - Knowledge - INFO - Found code_base: <app.utils.kg_build.knowledge.KnowledgeCodeBase object at 0x7fa4c5a1afd0>
2025-12-22 07:04:05,017 - Knowledge - INFO - process ingested knowledge for /app/data/tataelxsimockapisolutions5451/1907/b3286zc/Online-Examination-System-3411/OnlineExamSystem/EditMCQ.aspx.designer.cs
2025-12-22 07:04:05,230 - Knowledge - INFO - Found code-base-name: https://github.com/kavia-common/Online-Examination-System-3411.git:kavia-master
2025-12-22 07:04:05,450 - Knowledge - INFO - Found code_base: <app.utils.kg_build.knowledge.KnowledgeCodeBase object at 0x7fa4c5a1afd0>
2025-12-22 07:04:05,644 - Knowledge - INFO - process ingested knowledge for /app/data/tataelxsimockapisolutions5451/1907/b3286zc/Online-Examination-System-3411/OnlineExamSystem/LoginPage.aspx.cs
2025-12-22 07:04:05,837 - Knowledge - INFO - Found code-base-name: https://github.com/kavia-common/Online-Examination-System-3411.git:kavia-master
2025-12-22 07:04:06,014 - Knowledge - INFO - Found code_base: <app.utils.kg_build.knowledge.KnowledgeCodeBase object at 0x7fa4c5a1afd0>
2025-12-22 07:04:06,263 - Knowledge - INFO - process ingested knowledge for /app/data/tataelxsimockapisolutions5451/1907/b3286zc/Online-Examination-System-3411/database-script/Online-Examination-System-Databse-Script.sql
2025-12-22 07:04:06,459 - Knowledge - INFO - Found code-base-name: https://github.com/kavia-common/Online-Examination-System-3411.git:kavia-master
2025-12-22 07:04:06,621 - Knowledge - INFO - Found code_base: <app.utils.kg_build.knowledge.KnowledgeCodeBase object at 0x7fa4c5a1afd0>
2025-12-22 07:04:06,798 - Knowledge - INFO - process ingested knowledge for /app/data/tataelxsimockapisolutions5451/1907/b3286zc/Online-Examination-System-3411/OnlineExamSystem/TheoryExam.aspx.cs
2025-12-22 07:04:07,004 - Knowledge - INFO - Found code-base-name: https://github.com/kavia-common/Online-Examination-System-3411.git:kavia-master
2025-12-22 07:04:07,175 - Knowledge - INFO - Found code_base: <app.utils.kg_build.knowledge.KnowledgeCodeBase object at 0x7fa4c5a1afd0>
2025-12-22 07:04:07,367 - Knowledge - INFO - process ingested knowledge for /app/data/tataelxsimockapisolutions5451/1907/b3286zc/Online-Examination-System-3411/OnlineExamSystem/TakenCourses.aspx.designer.cs
2025-12-22 07:04:07,554 - Knowledge - INFO - Found code-base-name: https://github.com/kavia-common/Online-Examination-System-3411.git:kavia-master
2025-12-22 07:04:07,725 - Knowledge - INFO - Found code_base: <app.utils.kg_build.knowledge.KnowledgeCodeBase object at 0x7fa4c5a1afd0>
2025-12-22 07:04:07,929 - Knowledge - INFO - process ingested knowledge for /app/data/tataelxsimockapisolutions5451/1907/b3286zc/Online-Examination-System-3411/OnlineExamSystem/SetExam.aspx.designer.cs
2025-12-22 07:04:08,125 - Knowledge - INFO - Found code-base-name: https://github.com/kavia-common/Online-Examination-System-3411.git:kavia-master
2025-12-22 07:04:08,328 - Knowledge - INFO - Found code_base: <app.utils.kg_build.knowledge.KnowledgeCodeBase object at 0x7fa4c5a1afd0>
2025-12-22 07:04:08,550 - Knowledge - INFO - process ingested knowledge for /app/data/tataelxsimockapisolutions5451/1907/b3286zc/Online-Examination-System-3411/OnlineExamSystem/ShowAns.aspx.designer.cs
2025-12-22 07:04:08,747 - Knowledge - INFO - Found code-base-name: https://github.com/kavia-common/Online-Examination-System-3411.git:kavia-master
2025-12-22 07:04:08,962 - Knowledge - INFO - Found code_base: <app.utils.kg_build.knowledge.KnowledgeCodeBase object at 0x7fa4c5a1afd0>
2025-12-22 07:04:09,149 - Knowledge - INFO - process ingested knowledge for /app/data/tataelxsimockapisolutions5451/1907/b3286zc/Online-Examination-System-3411/OnlineExamSystem/SignUpPage.aspx.designer.cs
2025-12-22 07:04:09,322 - Knowledge - INFO - Found code-base-name: https://github.com/kavia-common/Online-Examination-System-3411.git:kavia-master
2025-12-22 07:04:09,554 - Knowledge - INFO - Found code_base: <app.utils.kg_build.knowledge.KnowledgeCodeBase object at 0x7fa4c5a1afd0>
2025-12-22 07:04:09,746 - Knowledge - INFO - process ingested knowledge for /app/data/tataelxsimockapisolutions5451/1907/b3286zc/Online-Examination-System-3411/OnlineExamSystem/DownloadPdf.aspx.cs
2025-12-22 07:04:09,910 - Knowledge - INFO - Found code-base-name: https://github.com/kavia-common/Online-Examination-System-3411.git:kavia-master
2025-12-22 07:04:10,078 - Knowledge - INFO - Found code_base: <app.utils.kg_build.knowledge.KnowledgeCodeBase object at 0x7fa4c5a1afd0>
2025-12-22 07:04:10,268 - Knowledge - INFO - process ingested knowledge for /app/data/tataelxsimockapisolutions5451/1907/b3286zc/Online-Examination-System-3411/OnlineExamSystem/ExamResult.aspx.cs
2025-12-22 07:04:10,512 - Knowledge - INFO - Found code-base-name: https://github.com/kavia-common/Online-Examination-System-3411.git:kavia-master
2025-12-22 07:04:10,732 - Knowledge - INFO - Found code_base: <app.utils.kg_build.knowledge.KnowledgeCodeBase object at 0x7fa4c5a1afd0>
2025-12-22 07:04:10,897 - Knowledge - INFO - process ingested knowledge for /app/data/tataelxsimockapisolutions5451/1907/b3286zc/Online-Examination-System-3411/OnlineExamSystem/EditTheory.aspx.designer.cs
2025-12-22 07:04:11,096 - Knowledge - INFO - Found code-base-name: https://github.com/kavia-common/Online-Examination-System-3411.git:kavia-master
2025-12-22 07:04:11,262 - Knowledge - INFO - Found code_base: <app.utils.kg_build.knowledge.KnowledgeCodeBase object at 0x7fa4c5a1afd0>
2025-12-22 07:04:11,464 - Knowledge - INFO - process ingested knowledge for /app/data/tataelxsimockapisolutions5451/1907/b3286zc/Online-Examination-System-3411/OnlineExamSystem/EditExam.aspx.designer.cs
2025-12-22 07:04:11,627 - Knowledge - INFO - Found code-base-name: https://github.com/kavia-common/Online-Examination-System-3411.git:kavia-master
2025-12-22 07:04:11,832 - Knowledge - INFO - Found code_base: <app.utils.kg_build.knowledge.KnowledgeCodeBase object at 0x7fa4c5a1afd0>
2025-12-22 07:04:12,012 - Knowledge - INFO - process ingested knowledge for /app/data/tataelxsimockapisolutions5451/1907/b3286zc/Online-Examination-System-3411/OnlineExamSystem/UserProfile.aspx.cs
2025-12-22 07:04:12,178 - Knowledge - INFO - Found code-base-name: https://github.com/kavia-common/Online-Examination-System-3411.git:kavia-master
2025-12-22 07:04:12,367 - Knowledge - INFO - Found code_base: <app.utils.kg_build.knowledge.KnowledgeCodeBase object at 0x7fa4c5a1afd0>
2025-12-22 07:04:12,541 - Knowledge - INFO - process ingested knowledge for /app/data/tataelxsimockapisolutions5451/1907/b3286zc/Online-Examination-System-3411/OnlineExamSystem/Dashboard.aspx.cs
2025-12-22 07:04:12,717 - Knowledge - INFO - Found code-base-name: https://github.com/kavia-common/Online-Examination-System-3411.git:kavia-master
2025-12-22 07:04:12,907 - Knowledge - INFO - Found code_base: <app.utils.kg_build.knowledge.KnowledgeCodeBase object at 0x7fa4c5a1afd0>
2025-12-22 07:04:13,077 - Knowledge - INFO - process ingested knowledge for /app/data/tataelxsimockapisolutions5451/1907/b3286zc/Online-Examination-System-3411/OnlineExamSystem/StartExam.aspx.designer.cs
2025-12-22 07:04:13,250 - Knowledge - INFO - Found code-base-name: https://github.com/kavia-common/Online-Examination-System-3411.git:kavia-master
2025-12-22 07:04:13,426 - Knowledge - INFO - Found code_base: <app.utils.kg_build.knowledge.KnowledgeCodeBase object at 0x7fa4c5a1afd0>
2025-12-22 07:04:13,618 - Knowledge - INFO - process ingested knowledge for /app/data/tataelxsimockapisolutions5451/1907/b3286zc/Online-Examination-System-3411/OnlineExamSystem/AdminPanel.aspx.designer.cs
2025-12-22 07:04:13,813 - Knowledge - INFO - Found code-base-name: https://github.com/kavia-common/Online-Examination-System-3411.git:kavia-master
2025-12-22 07:04:14,011 - Knowledge - INFO - Found code_base: <app.utils.kg_build.knowledge.KnowledgeCodeBase object at 0x7fa4c5a1afd0>
2025-12-22 07:04:14,240 - Knowledge - INFO - process ingested knowledge for /app/data/tataelxsimockapisolutions5451/1907/b3286zc/Online-Examination-System-3411/packages/Microsoft.CodeDom.Providers.DotNetCompilerPlatform.1.0.0/lib/net45/Microsoft.CodeDom.Providers.DotNetCompilerPlatform.xml
2025-12-22 07:04:14,391 - Knowledge - INFO - Found code-base-name: https://github.com/kavia-common/Online-Examination-System-3411.git:kavia-master
2025-12-22 07:04:14,548 - Knowledge - INFO - Found code_base: <app.utils.kg_build.knowledge.KnowledgeCodeBase object at 0x7fa4c5a1afd0>
2025-12-22 07:04:14,738 - Knowledge - INFO - process ingested knowledge for /app/data/tataelxsimockapisolutions5451/1907/b3286zc/Online-Examination-System-3411/OnlineExamSystem/Leaderboard.aspx.designer.cs
2025-12-22 07:04:14,896 - Knowledge - INFO - Found code-base-name: https://github.com/kavia-common/Online-Examination-System-3411.git:kavia-master
2025-12-22 07:04:15,054 - Knowledge - INFO - Found code_base: <app.utils.kg_build.knowledge.KnowledgeCodeBase object at 0x7fa4c5a1afd0>
2025-12-22 07:04:15,221 - Knowledge - INFO - process ingested knowledge for /app/data/tataelxsimockapisolutions5451/1907/b3286zc/Online-Examination-System-3411/OnlineExamSystem/MCQSet.aspx.designer.cs
2025-12-22 07:04:15,398 - Knowledge - INFO - Found code-base-name: https://github.com/kavia-common/Online-Examination-System-3411.git:kavia-master
2025-12-22 07:04:15,574 - Knowledge - INFO - Found code_base: <app.utils.kg_build.knowledge.KnowledgeCodeBase object at 0x7fa4c5a1afd0>
2025-12-22 07:04:15,755 - Knowledge - INFO - process ingested knowledge for /app/data/tataelxsimockapisolutions5451/1907/b3286zc/Online-Examination-System-3411/OnlineExamSystem/MCQExam.aspx.cs
2025-12-22 07:04:15,979 - Knowledge - INFO - Found code-base-name: https://github.com/kavia-common/Online-Examination-System-3411.git:kavia-master
2025-12-22 07:04:16,174 - Knowledge - INFO - Found code_base: <app.utils.kg_build.knowledge.KnowledgeCodeBase object at 0x7fa4c5a1afd0>
2025-12-22 07:04:16,354 - Knowledge - INFO - process ingested knowledge for /app/data/tataelxsimockapisolutions5451/1907/b3286zc/Online-Examination-System-3411/OnlineExamSystem/AdminCourseQueue.aspx.cs
2025-12-22 07:04:16,555 - Knowledge - INFO - Found code-base-name: https://github.com/kavia-common/Online-Examination-System-3411.git:kavia-master
2025-12-22 07:04:16,768 - Knowledge - INFO - Found code_base: <app.utils.kg_build.knowledge.KnowledgeCodeBase object at 0x7fa4c5a1afd0>
2025-12-22 07:04:16,934 - Knowledge - INFO - process ingested knowledge for /app/data/tataelxsimockapisolutions5451/1907/b3286zc/Online-Examination-System-3411/OnlineExamSystem/CSS/bootstrap.css
2025-12-22 07:04:17,136 - Knowledge - INFO - Found code-base-name: https://github.com/kavia-common/Online-Examination-System-3411.git:kavia-master
2025-12-22 07:04:17,311 - Knowledge - INFO - Found code_base: <app.utils.kg_build.knowledge.KnowledgeCodeBase object at 0x7fa4c5a1afd0>
2025-12-22 07:04:17,469 - Knowledge - INFO - process ingested knowledge for /app/data/tataelxsimockapisolutions5451/1907/b3286zc/Online-Examination-System-3411/OnlineExamSystem/UserProfile.aspx.designer.cs
2025-12-22 07:04:17,652 - Knowledge - INFO - Found code-base-name: https://github.com/kavia-common/Online-Examination-System-3411.git:kavia-master
2025-12-22 07:04:17,826 - Knowledge - INFO - Found code_base: <app.utils.kg_build.knowledge.KnowledgeCodeBase object at 0x7fa4c5a1afd0>
2025-12-22 07:04:18,021 - Knowledge - INFO - process ingested knowledge for /app/data/tataelxsimockapisolutions5451/1907/b3286zc/Online-Examination-System-3411/OnlineExamSystem/Dashboard.aspx.designer.cs
2025-12-22 07:04:18,226 - Knowledge - INFO - Found code-base-name: https://github.com/kavia-common/Online-Examination-System-3411.git:kavia-master
2025-12-22 07:04:18,403 - Knowledge - INFO - Found code_base: <app.utils.kg_build.knowledge.KnowledgeCodeBase object at 0x7fa4c5a1afd0>
2025-12-22 07:04:18,579 - Knowledge - INFO - process ingested knowledge for /app/data/tataelxsimockapisolutions5451/1907/b3286zc/Online-Examination-System-3411/OnlineExamSystem/TakenCourses.aspx.cs
2025-12-22 07:04:18,788 - Knowledge - INFO - Found code-base-name: https://github.com/kavia-common/Online-Examination-System-3411.git:kavia-master
2025-12-22 07:04:18,975 - Knowledge - INFO - Found code_base: <app.utils.kg_build.knowledge.KnowledgeCodeBase object at 0x7fa4c5a1afd0>
2025-12-22 07:04:19,177 - Knowledge - INFO - process ingested knowledge for /app/data/tataelxsimockapisolutions5451/1907/b3286zc/Online-Examination-System-3411/OnlineExamSystem/SetExam.aspx.cs
2025-12-22 07:04:19,389 - Knowledge - INFO - Found code-base-name: https://github.com/kavia-common/Online-Examination-System-3411.git:kavia-master
2025-12-22 07:04:19,581 - Knowledge - INFO - Found code_base: <app.utils.kg_build.knowledge.KnowledgeCodeBase object at 0x7fa4c5a1afd0>
2025-12-22 07:04:19,786 - Knowledge - INFO - process ingested knowledge for /app/data/tataelxsimockapisolutions5451/1907/b3286zc/Online-Examination-System-3411/OnlineExamSystem/EditMCQ.aspx.cs
2025-12-22 07:04:19,956 - Knowledge - INFO - Found code-base-name: https://github.com/kavia-common/Online-Examination-System-3411.git:kavia-master
2025-12-22 07:04:20,108 - Knowledge - INFO - Found code_base: <app.utils.kg_build.knowledge.KnowledgeCodeBase object at 0x7fa4c5a1afd0>
2025-12-22 07:04:20,277 - Knowledge - INFO - process ingested knowledge for /app/data/tataelxsimockapisolutions5451/1907/b3286zc/Online-Examination-System-3411/OnlineExamSystem/TheorySet.aspx.cs
2025-12-22 07:04:20,514 - Knowledge - INFO - Found code-base-name: https://github.com/kavia-common/Online-Examination-System-3411.git:kavia-master
2025-12-22 07:04:20,678 - Knowledge - INFO - Found code_base: <app.utils.kg_build.knowledge.KnowledgeCodeBase object at 0x7fa4c5a1afd0>
2025-12-22 07:04:20,845 - Knowledge - INFO - process ingested knowledge for /app/data/tataelxsimockapisolutions5451/1907/b3286zc/Online-Examination-System-3411/OnlineExamSystem/ShowAns.aspx.cs
2025-12-22 07:04:21,009 - Knowledge - INFO - Found code-base-name: https://github.com/kavia-common/Online-Examination-System-3411.git:kavia-master
2025-12-22 07:04:21,180 - Knowledge - INFO - Found code_base: <app.utils.kg_build.knowledge.KnowledgeCodeBase object at 0x7fa4c5a1afd0>
2025-12-22 07:04:21,362 - Knowledge - INFO - process ingested knowledge for /app/data/tataelxsimockapisolutions5451/1907/b3286zc/Online-Examination-System-3411/OnlineExamSystem/SignUpPage.aspx.cs
2025-12-22 07:04:21,565 - Knowledge - INFO - Found code-base-name: https://github.com/kavia-common/Online-Examination-System-3411.git:kavia-master
2025-12-22 07:04:21,735 - Knowledge - INFO - Found code_base: <app.utils.kg_build.knowledge.KnowledgeCodeBase object at 0x7fa4c5a1afd0>
2025-12-22 07:04:21,911 - Knowledge - INFO - process ingested knowledge for /app/data/tataelxsimockapisolutions5451/1907/b3286zc/Online-Examination-System-3411/README.md
2025-12-22 07:04:22,121 - Knowledge - INFO - Found code-base-name: https://github.com/kavia-common/Online-Examination-System-3411.git:kavia-master
2025-12-22 07:04:22,333 - Knowledge - INFO - Found code_base: <app.utils.kg_build.knowledge.KnowledgeCodeBase object at 0x7fa4c5a1afd0>
2025-12-22 07:04:22,501 - Knowledge - INFO - process ingested knowledge for /app/data/tataelxsimockapisolutions5451/1907/b3286zc/Online-Examination-System-3411/OnlineExamSystem/MCQExam.aspx.designer.cs
2025-12-22 07:04:22,689 - Knowledge - INFO - Found code-base-name: https://github.com/kavia-common/Online-Examination-System-3411.git:kavia-master
2025-12-22 07:04:22,858 - Knowledge - INFO - Found code_base: <app.utils.kg_build.knowledge.KnowledgeCodeBase object at 0x7fa4c5a1afd0>
2025-12-22 07:04:23,067 - Knowledge - INFO - process ingested knowledge for /app/data/tataelxsimockapisolutions5451/1907/b3286zc/Online-Examination-System-3411/database-script/README.md
2025-12-22 07:04:23,250 - Knowledge - INFO - Found code-base-name: https://github.com/kavia-common/Online-Examination-System-3411.git:kavia-master
2025-12-22 07:04:23,411 - Knowledge - INFO - Found code_base: <app.utils.kg_build.knowledge.KnowledgeCodeBase object at 0x7fa4c5a1afd0>
2025-12-22 07:04:23,622 - Knowledge - INFO - process ingested knowledge for /app/data/tataelxsimockapisolutions5451/1907/b3286zc/Online-Examination-System-3411/OnlineExamSystem/DownloadPdf.aspx.designer.cs
2025-12-22 07:04:23,814 - Knowledge - INFO - Found code-base-name: https://github.com/kavia-common/Online-Examination-System-3411.git:kavia-master
2025-12-22 07:04:23,993 - Knowledge - INFO - Found code_base: <app.utils.kg_build.knowledge.KnowledgeCodeBase object at 0x7fa4c5a1afd0>
2025-12-22 07:04:24,186 - Knowledge - INFO - process ingested knowledge for /app/data/tataelxsimockapisolutions5451/1907/b3286zc/Online-Examination-System-3411/OnlineExamSystem/EditExam.aspx.cs
2025-12-22 07:04:24,360 - Knowledge - INFO - Found code-base-name: https://github.com/kavia-common/Online-Examination-System-3411.git:kavia-master
2025-12-22 07:04:24,557 - Knowledge - INFO - Found code_base: <app.utils.kg_build.knowledge.KnowledgeCodeBase object at 0x7fa4c5a1afd0>
2025-12-22 07:04:24,730 - Knowledge - INFO - process ingested knowledge for /app/data/tataelxsimockapisolutions5451/1907/b3286zc/Online-Examination-System-3411/OnlineExamSystem/EditTheory.aspx.cs
2025-12-22 07:04:24,944 - Knowledge - INFO - Found code-base-name: https://github.com/kavia-common/Online-Examination-System-3411.git:kavia-master
2025-12-22 07:04:25,150 - Knowledge - INFO - Found code_base: <app.utils.kg_build.knowledge.KnowledgeCodeBase object at 0x7fa4c5a1afd0>
2025-12-22 07:04:25,358 - Knowledge - INFO - process ingested knowledge for /app/data/tataelxsimockapisolutions5451/1907/b3286zc/Online-Examination-System-3411/OnlineExamSystem/StartExam.aspx.cs
2025-12-22 07:04:25,533 - Knowledge - INFO - Found code-base-name: https://github.com/kavia-common/Online-Examination-System-3411.git:kavia-master
2025-12-22 07:04:25,716 - Knowledge - INFO - Found code_base: <app.utils.kg_build.knowledge.KnowledgeCodeBase object at 0x7fa4c5a1afd0>
2025-12-22 07:04:25,860 - Knowledge - INFO - process ingested knowledge for /app/data/tataelxsimockapisolutions5451/1907/b3286zc/Online-Examination-System-3411/OnlineExamSystem/AdminPanel.aspx.cs
2025-12-22 07:04:26,034 - Knowledge - INFO - Found code-base-name: https://github.com/kavia-common/Online-Examination-System-3411.git:kavia-master
2025-12-22 07:04:26,255 - Knowledge - INFO - Found code_base: <app.utils.kg_build.knowledge.KnowledgeCodeBase object at 0x7fa4c5a1afd0>
2025-12-22 07:04:26,421 - Knowledge - INFO - process ingested knowledge for /app/data/tataelxsimockapisolutions5451/1907/b3286zc/Online-Examination-System-3411/OnlineExamSystem/ExamResult.aspx.designer.cs
2025-12-22 07:04:26,595 - Knowledge - INFO - Found code-base-name: https://github.com/kavia-common/Online-Examination-System-3411.git:kavia-master
2025-12-22 07:04:26,765 - Knowledge - INFO - Found code_base: <app.utils.kg_build.knowledge.KnowledgeCodeBase object at 0x7fa4c5a1afd0>
2025-12-22 07:04:26,972 - Knowledge - INFO - process ingested knowledge for /app/data/tataelxsimockapisolutions5451/1907/b3286zc/Online-Examination-System-3411/OnlineExamSystem/LoginPage.aspx.designer.cs
2025-12-22 07:04:27,172 - Knowledge - INFO - Found code-base-name: https://github.com/kavia-common/Online-Examination-System-3411.git:kavia-master
2025-12-22 07:04:27,363 - Knowledge - INFO - Found code_base: <app.utils.kg_build.knowledge.KnowledgeCodeBase object at 0x7fa4c5a1afd0>
2025-12-22 07:04:27,582 - Knowledge - INFO - process ingested knowledge for /app/data/tataelxsimockapisolutions5451/1907/b3286zc/Online-Examination-System-3411/OnlineExamSystem/TheoryExam.aspx.designer.cs
2025-12-22 07:04:27,753 - Knowledge - INFO - Found code-base-name: https://github.com/kavia-common/Online-Examination-System-3411.git:kavia-master
2025-12-22 07:04:27,952 - Knowledge - INFO - Found code_base: <app.utils.kg_build.knowledge.KnowledgeCodeBase object at 0x7fa4c5a1afd0>
2025-12-22 07:04:28,151 - Knowledge - INFO - process ingested knowledge for /app/data/tataelxsimockapisolutions5451/1907/b3286zc/Online-Examination-System-3411/OnlineExamSystem/Leaderboard.aspx.cs
2025-12-22 07:04:28,346 - Knowledge - INFO - Found code-base-name: https://github.com/kavia-common/Online-Examination-System-3411.git:kavia-master
2025-12-22 07:04:28,515 - Knowledge - INFO - Found code_base: <app.utils.kg_build.knowledge.KnowledgeCodeBase object at 0x7fa4c5a1afd0>
2025-12-22 07:04:28,719 - Knowledge - INFO - process ingested knowledge for /app/data/tataelxsimockapisolutions5451/1907/b3286zc/Online-Examination-System-3411/OnlineExamSystem/AdminQueue.aspx.designer.cs
2025-12-22 07:04:28,946 - Knowledge - INFO - Found code-base-name: https://github.com/kavia-common/Online-Examination-System-3411.git:kavia-master
2025-12-22 07:04:29,103 - Knowledge - INFO - Found code_base: <app.utils.kg_build.knowledge.KnowledgeCodeBase object at 0x7fa4c5a1afd0>
2025-12-22 07:04:29,295 - Knowledge - INFO - process ingested knowledge for /app/data/tataelxsimockapisolutions5451/1907/b3286zc/Online-Examination-System-3411/OnlineExamSystem/AdminLeaderboard.aspx.designer.cs
2025-12-22 07:04:29,507 - Knowledge - INFO - Found code-base-name: https://github.com/kavia-common/Online-Examination-System-3411.git:kavia-master
2025-12-22 07:04:29,662 - Knowledge - INFO - Found code_base: <app.utils.kg_build.knowledge.KnowledgeCodeBase object at 0x7fa4c5a1afd0>
2025-12-22 07:04:29,823 - Knowledge - INFO - process ingested knowledge for /app/data/tataelxsimockapisolutions5451/1907/b3286zc/Online-Examination-System-3411/OnlineExamSystem/MCQSet.aspx.cs
2025-12-22 07:04:29,976 - Knowledge - INFO - Loaded 50 files from persisted knowledge
2025-12-22 07:04:30,175 - Knowledge - INFO - load persisted knowledge: end
2025-12-22 07:04:30,373 - Knowledge - INFO - Redis support added with prefix knowledge:b3286zc:
2025-12-22 07:04:30,661 - Knowledge - INFO - Starting knowledge initialization for ID: 8Un96f-b3286zc
2025-12-22 07:04:30,836 - Knowledge - INFO - 🔍 Checking Redis for build_id: b3286zc
2025-12-22 07:04:31,030 - Knowledge - INFO - 🔍 Full session ID: 8Un96f-b3286zc
2025-12-22 07:04:31,242 - Knowledge - INFO - 🔍 Redis prefix will be: knowledge:b3286zc:
2025-12-22 07:04:31,415 - Knowledge - INFO - 🔍 Using attached load_from_redis() method
2025-12-22 07:04:31,647 - Knowledge - INFO - 🔍 Attempting to load knowledge from Redis...
2025-12-22 07:04:32,145 - Knowledge - INFO - 🔍 Using derived instance_id for Redis lookup: b3286zc
2025-12-22 07:04:32,339 - Knowledge - INFO - ✅ Redis cache found! Loading knowledge...
2025-12-22 07:04:32,489 - Knowledge - INFO - ✅ Successfully loaded from Redis: 50 files
2025-12-22 07:04:32,692 - Knowledge - INFO - ✅ Redis load complete: 50 files in 1.28s
2025-12-22 07:04:32,897 - Knowledge - INFO - ⚡ Total Redis path: 1.28s (vs ~300s from disk)
2025-12-22 07:04:33,135 - Knowledge - INFO - Saving knowledge to Redis...
2025-12-22 07:04:33,351 - Knowledge - INFO - Knowledge saved to Redis successfully
2025-12-22 07:33:15,764 - Knowledge - INFO - Created shared MongoDB connection pool
2025-12-22 07:33:16,105 - Knowledge - INFO - Starting Knowledge Graph processing with 20 threads
2025-12-22 07:33:16,260 - Knowledge - INFO - Initial configuration: chunk_size=65536, max_cache_size=500
2025-12-22 07:33:16,422 - Knowledge - INFO - Knowledge Graph concurrency configuration: workers=20, max_batch_size=10, max_concurrent_llm_calls=50
2025-12-22 07:33:17,552 - Knowledge - INFO - 🔍 _load_persisted_knowledge called - checking for Redis optimization
2025-12-22 07:33:17,738 - Knowledge - WARNING - ❌ load_from_redis method not found - Redis support not attached
2025-12-22 07:33:17,905 - Knowledge - INFO - load persisted knowledge: begin
2025-12-22 07:33:18,087 - Knowledge - INFO - Found code-base-name: https://github.com/kavia-common/Online-Examination-System-3411.git:kavia-master
2025-12-22 07:33:18,260 - Knowledge - INFO - Found code_base: <app.utils.kg_build.knowledge.KnowledgeCodeBase object at 0x7fcac934c110>
2025-12-22 07:33:18,410 - Knowledge - INFO - process ingested knowledge for /app/data/tataelxsimockapisolutions5451/1907/b3286zc/Online-Examination-System-3411/OnlineExamSystem/Properties/AssemblyInfo.cs
2025-12-22 07:33:18,607 - Knowledge - INFO - Found code-base-name: https://github.com/kavia-common/Online-Examination-System-3411.git:kavia-master
2025-12-22 07:33:18,759 - Knowledge - INFO - Found code_base: <app.utils.kg_build.knowledge.KnowledgeCodeBase object at 0x7fcac934c110>
2025-12-22 07:33:18,931 - Knowledge - INFO - process ingested knowledge for /app/data/tataelxsimockapisolutions5451/1907/b3286zc/Online-Examination-System-3411/OnlineExamSystem/AdminLeaderboard.aspx.cs
2025-12-22 07:33:19,164 - Knowledge - INFO - Found code-base-name: https://github.com/kavia-common/Online-Examination-System-3411.git:kavia-master
2025-12-22 07:33:19,348 - Knowledge - INFO - Found code_base: <app.utils.kg_build.knowledge.KnowledgeCodeBase object at 0x7fcac934c110>
2025-12-22 07:33:19,505 - Knowledge - INFO - process ingested knowledge for /app/data/tataelxsimockapisolutions5451/1907/b3286zc/Online-Examination-System-3411/OnlineExamSystem/AdminCourseQueue.aspx.designer.cs
2025-12-22 07:33:19,671 - Knowledge - INFO - Found code-base-name: https://github.com/kavia-common/Online-Examination-System-3411.git:kavia-master
2025-12-22 07:33:19,855 - Knowledge - INFO - Found code_base: <app.utils.kg_build.knowledge.KnowledgeCodeBase object at 0x7fcac934c110>
2025-12-22 07:33:20,027 - Knowledge - INFO - process ingested knowledge for /app/data/tataelxsimockapisolutions5451/1907/b3286zc/Online-Examination-System-3411/OnlineExamSystem/AdminQueue.aspx.cs
2025-12-22 07:33:20,191 - Knowledge - INFO - Found code-base-name: https://github.com/kavia-common/Online-Examination-System-3411.git:kavia-master
2025-12-22 07:33:20,350 - Knowledge - INFO - Found code_base: <app.utils.kg_build.knowledge.KnowledgeCodeBase object at 0x7fcac934c110>
2025-12-22 07:33:20,508 - Knowledge - INFO - process ingested knowledge for /app/data/tataelxsimockapisolutions5451/1907/b3286zc/Online-Examination-System-3411/OnlineExamSystem/TheorySet.aspx.designer.cs
2025-12-22 07:33:20,681 - Knowledge - INFO - Found code-base-name: https://github.com/kavia-common/Online-Examination-System-3411.git:kavia-master
2025-12-22 07:33:20,854 - Knowledge - INFO - Found code_base: <app.utils.kg_build.knowledge.KnowledgeCodeBase object at 0x7fcac934c110>
2025-12-22 07:33:21,018 - Knowledge - INFO - process ingested knowledge for /app/data/tataelxsimockapisolutions5451/1907/b3286zc/Online-Examination-System-3411/OnlineExamSystem/EditMCQ.aspx.designer.cs
2025-12-22 07:33:21,216 - Knowledge - INFO - Found code-base-name: https://github.com/kavia-common/Online-Examination-System-3411.git:kavia-master
2025-12-22 07:33:21,367 - Knowledge - INFO - Found code_base: <app.utils.kg_build.knowledge.KnowledgeCodeBase object at 0x7fcac934c110>
2025-12-22 07:33:21,599 - Knowledge - INFO - process ingested knowledge for /app/data/tataelxsimockapisolutions5451/1907/b3286zc/Online-Examination-System-3411/OnlineExamSystem/LoginPage.aspx.cs
2025-12-22 07:33:21,738 - Knowledge - INFO - Found code-base-name: https://github.com/kavia-common/Online-Examination-System-3411.git:kavia-master
2025-12-22 07:33:21,889 - Knowledge - INFO - Found code_base: <app.utils.kg_build.knowledge.KnowledgeCodeBase object at 0x7fcac934c110>
2025-12-22 07:33:22,074 - Knowledge - INFO - process ingested knowledge for /app/data/tataelxsimockapisolutions5451/1907/b3286zc/Online-Examination-System-3411/database-script/Online-Examination-System-Databse-Script.sql
2025-12-22 07:33:22,252 - Knowledge - INFO - Found code-base-name: https://github.com/kavia-common/Online-Examination-System-3411.git:kavia-master
2025-12-22 07:33:22,422 - Knowledge - INFO - Found code_base: <app.utils.kg_build.knowledge.KnowledgeCodeBase object at 0x7fcac934c110>
2025-12-22 07:33:22,579 - Knowledge - INFO - process ingested knowledge for /app/data/tataelxsimockapisolutions5451/1907/b3286zc/Online-Examination-System-3411/OnlineExamSystem/TheoryExam.aspx.cs
2025-12-22 07:33:22,746 - Knowledge - INFO - Found code-base-name: https://github.com/kavia-common/Online-Examination-System-3411.git:kavia-master
2025-12-22 07:33:22,900 - Knowledge - INFO - Found code_base: <app.utils.kg_build.knowledge.KnowledgeCodeBase object at 0x7fcac934c110>
2025-12-22 07:33:23,085 - Knowledge - INFO - process ingested knowledge for /app/data/tataelxsimockapisolutions5451/1907/b3286zc/Online-Examination-System-3411/OnlineExamSystem/TakenCourses.aspx.designer.cs
2025-12-22 07:33:23,251 - Knowledge - INFO - Found code-base-name: https://github.com/kavia-common/Online-Examination-System-3411.git:kavia-master
2025-12-22 07:33:23,466 - Knowledge - INFO - Found code_base: <app.utils.kg_build.knowledge.KnowledgeCodeBase object at 0x7fcac934c110>
2025-12-22 07:33:23,622 - Knowledge - INFO - process ingested knowledge for /app/data/tataelxsimockapisolutions5451/1907/b3286zc/Online-Examination-System-3411/OnlineExamSystem/SetExam.aspx.designer.cs
2025-12-22 07:33:23,802 - Knowledge - INFO - Found code-base-name: https://github.com/kavia-common/Online-Examination-System-3411.git:kavia-master
2025-12-22 07:33:23,960 - Knowledge - INFO - Found code_base: <app.utils.kg_build.knowledge.KnowledgeCodeBase object at 0x7fcac934c110>
2025-12-22 07:33:24,097 - Knowledge - INFO - process ingested knowledge for /app/data/tataelxsimockapisolutions5451/1907/b3286zc/Online-Examination-System-3411/OnlineExamSystem/ShowAns.aspx.designer.cs
2025-12-22 07:33:24,288 - Knowledge - INFO - Found code-base-name: https://github.com/kavia-common/Online-Examination-System-3411.git:kavia-master
2025-12-22 07:33:24,457 - Knowledge - INFO - Found code_base: <app.utils.kg_build.knowledge.KnowledgeCodeBase object at 0x7fcac934c110>
2025-12-22 07:33:24,630 - Knowledge - INFO - process ingested knowledge for /app/data/tataelxsimockapisolutions5451/1907/b3286zc/Online-Examination-System-3411/OnlineExamSystem/SignUpPage.aspx.designer.cs
2025-12-22 07:33:24,777 - Knowledge - INFO - Found code-base-name: https://github.com/kavia-common/Online-Examination-System-3411.git:kavia-master
2025-12-22 07:33:24,932 - Knowledge - INFO - Found code_base: <app.utils.kg_build.knowledge.KnowledgeCodeBase object at 0x7fcac934c110>
2025-12-22 07:33:25,137 - Knowledge - INFO - process ingested knowledge for /app/data/tataelxsimockapisolutions5451/1907/b3286zc/Online-Examination-System-3411/OnlineExamSystem/DownloadPdf.aspx.cs
2025-12-22 07:33:25,361 - Knowledge - INFO - Found code-base-name: https://github.com/kavia-common/Online-Examination-System-3411.git:kavia-master
2025-12-22 07:33:25,538 - Knowledge - INFO - Found code_base: <app.utils.kg_build.knowledge.KnowledgeCodeBase object at 0x7fcac934c110>
2025-12-22 07:33:25,689 - Knowledge - INFO - process ingested knowledge for /app/data/tataelxsimockapisolutions5451/1907/b3286zc/Online-Examination-System-3411/OnlineExamSystem/ExamResult.aspx.cs
2025-12-22 07:33:25,853 - Knowledge - INFO - Found code-base-name: https://github.com/kavia-common/Online-Examination-System-3411.git:kavia-master
2025-12-22 07:33:26,045 - Knowledge - INFO - Found code_base: <app.utils.kg_build.knowledge.KnowledgeCodeBase object at 0x7fcac934c110>
2025-12-22 07:33:26,207 - Knowledge - INFO - process ingested knowledge for /app/data/tataelxsimockapisolutions5451/1907/b3286zc/Online-Examination-System-3411/OnlineExamSystem/EditTheory.aspx.designer.cs
2025-12-22 07:33:26,370 - Knowledge - INFO - Found code-base-name: https://github.com/kavia-common/Online-Examination-System-3411.git:kavia-master
2025-12-22 07:33:26,527 - Knowledge - INFO - Found code_base: <app.utils.kg_build.knowledge.KnowledgeCodeBase object at 0x7fcac934c110>
2025-12-22 07:33:26,679 - Knowledge - INFO - process ingested knowledge for /app/data/tataelxsimockapisolutions5451/1907/b3286zc/Online-Examination-System-3411/OnlineExamSystem/EditExam.aspx.designer.cs
2025-12-22 07:33:26,836 - Knowledge - INFO - Found code-base-name: https://github.com/kavia-common/Online-Examination-System-3411.git:kavia-master
2025-12-22 07:33:27,021 - Knowledge - INFO - Found code_base: <app.utils.kg_build.knowledge.KnowledgeCodeBase object at 0x7fcac934c110>
2025-12-22 07:33:27,181 - Knowledge - INFO - process ingested knowledge for /app/data/tataelxsimockapisolutions5451/1907/b3286zc/Online-Examination-System-3411/OnlineExamSystem/UserProfile.aspx.cs
2025-12-22 07:33:27,340 - Knowledge - INFO - Found code-base-name: https://github.com/kavia-common/Online-Examination-System-3411.git:kavia-master
2025-12-22 07:33:27,519 - Knowledge - INFO - Found code_base: <app.utils.kg_build.knowledge.KnowledgeCodeBase object at 0x7fcac934c110>
2025-12-22 07:33:27,680 - Knowledge - INFO - process ingested knowledge for /app/data/tataelxsimockapisolutions5451/1907/b3286zc/Online-Examination-System-3411/OnlineExamSystem/Dashboard.aspx.cs
2025-12-22 07:33:27,840 - Knowledge - INFO - Found code-base-name: https://github.com/kavia-common/Online-Examination-System-3411.git:kavia-master
2025-12-22 07:33:27,989 - Knowledge - INFO - Found code_base: <app.utils.kg_build.knowledge.KnowledgeCodeBase object at 0x7fcac934c110>
2025-12-22 07:33:28,171 - Knowledge - INFO - process ingested knowledge for /app/data/tataelxsimockapisolutions5451/1907/b3286zc/Online-Examination-System-3411/OnlineExamSystem/StartExam.aspx.designer.cs
2025-12-22 07:33:28,316 - Knowledge - INFO - Found code-base-name: https://github.com/kavia-common/Online-Examination-System-3411.git:kavia-master
2025-12-22 07:33:28,479 - Knowledge - INFO - Found code_base: <app.utils.kg_build.knowledge.KnowledgeCodeBase object at 0x7fcac934c110>
2025-12-22 07:33:28,695 - Knowledge - INFO - process ingested knowledge for /app/data/tataelxsimockapisolutions5451/1907/b3286zc/Online-Examination-System-3411/OnlineExamSystem/AdminPanel.aspx.designer.cs
2025-12-22 07:33:28,884 - Knowledge - INFO - Found code-base-name: https://github.com/kavia-common/Online-Examination-System-3411.git:kavia-master
2025-12-22 07:33:29,069 - Knowledge - INFO - Found code_base: <app.utils.kg_build.knowledge.KnowledgeCodeBase object at 0x7fcac934c110>
2025-12-22 07:33:29,236 - Knowledge - INFO - process ingested knowledge for /app/data/tataelxsimockapisolutions5451/1907/b3286zc/Online-Examination-System-3411/packages/Microsoft.CodeDom.Providers.DotNetCompilerPlatform.1.0.0/lib/net45/Microsoft.CodeDom.Providers.DotNetCompilerPlatform.xml
2025-12-22 07:33:29,449 - Knowledge - INFO - Found code-base-name: https://github.com/kavia-common/Online-Examination-System-3411.git:kavia-master
2025-12-22 07:33:29,636 - Knowledge - INFO - Found code_base: <app.utils.kg_build.knowledge.KnowledgeCodeBase object at 0x7fcac934c110>
2025-12-22 07:33:29,820 - Knowledge - INFO - process ingested knowledge for /app/data/tataelxsimockapisolutions5451/1907/b3286zc/Online-Examination-System-3411/OnlineExamSystem/Leaderboard.aspx.designer.cs
2025-12-22 07:33:29,977 - Knowledge - INFO - Found code-base-name: https://github.com/kavia-common/Online-Examination-System-3411.git:kavia-master
2025-12-22 07:33:30,173 - Knowledge - INFO - Found code_base: <app.utils.kg_build.knowledge.KnowledgeCodeBase object at 0x7fcac934c110>
2025-12-22 07:33:30,369 - Knowledge - INFO - process ingested knowledge for /app/data/tataelxsimockapisolutions5451/1907/b3286zc/Online-Examination-System-3411/OnlineExamSystem/MCQSet.aspx.designer.cs
2025-12-22 07:33:30,588 - Knowledge - INFO - Found code-base-name: https://github.com/kavia-common/Online-Examination-System-3411.git:kavia-master
2025-12-22 07:33:30,771 - Knowledge - INFO - Found code_base: <app.utils.kg_build.knowledge.KnowledgeCodeBase object at 0x7fcac934c110>
2025-12-22 07:33:30,951 - Knowledge - INFO - process ingested knowledge for /app/data/tataelxsimockapisolutions5451/1907/b3286zc/Online-Examination-System-3411/OnlineExamSystem/MCQExam.aspx.cs
2025-12-22 07:33:31,129 - Knowledge - INFO - Found code-base-name: https://github.com/kavia-common/Online-Examination-System-3411.git:kavia-master
2025-12-22 07:33:31,341 - Knowledge - INFO - Found code_base: <app.utils.kg_build.knowledge.KnowledgeCodeBase object at 0x7fcac934c110>
2025-12-22 07:33:31,501 - Knowledge - INFO - process ingested knowledge for /app/data/tataelxsimockapisolutions5451/1907/b3286zc/Online-Examination-System-3411/OnlineExamSystem/AdminCourseQueue.aspx.cs
2025-12-22 07:33:31,652 - Knowledge - INFO - Found code-base-name: https://github.com/kavia-common/Online-Examination-System-3411.git:kavia-master
2025-12-22 07:33:31,810 - Knowledge - INFO - Found code_base: <app.utils.kg_build.knowledge.KnowledgeCodeBase object at 0x7fcac934c110>
2025-12-22 07:33:32,003 - Knowledge - INFO - process ingested knowledge for /app/data/tataelxsimockapisolutions5451/1907/b3286zc/Online-Examination-System-3411/OnlineExamSystem/CSS/bootstrap.css
2025-12-22 07:33:32,183 - Knowledge - INFO - Found code-base-name: https://github.com/kavia-common/Online-Examination-System-3411.git:kavia-master
2025-12-22 07:33:32,357 - Knowledge - INFO - Found code_base: <app.utils.kg_build.knowledge.KnowledgeCodeBase object at 0x7fcac934c110>
2025-12-22 07:33:32,519 - Knowledge - INFO - process ingested knowledge for /app/data/tataelxsimockapisolutions5451/1907/b3286zc/Online-Examination-System-3411/OnlineExamSystem/UserProfile.aspx.designer.cs
2025-12-22 07:33:32,698 - Knowledge - INFO - Found code-base-name: https://github.com/kavia-common/Online-Examination-System-3411.git:kavia-master
2025-12-22 07:33:32,892 - Knowledge - INFO - Found code_base: <app.utils.kg_build.knowledge.KnowledgeCodeBase object at 0x7fcac934c110>
2025-12-22 07:33:33,064 - Knowledge - INFO - process ingested knowledge for /app/data/tataelxsimockapisolutions5451/1907/b3286zc/Online-Examination-System-3411/OnlineExamSystem/Dashboard.aspx.designer.cs
2025-12-22 07:33:33,263 - Knowledge - INFO - Found code-base-name: https://github.com/kavia-common/Online-Examination-System-3411.git:kavia-master
2025-12-22 07:33:33,424 - Knowledge - INFO - Found code_base: <app.utils.kg_build.knowledge.KnowledgeCodeBase object at 0x7fcac934c110>
2025-12-22 07:33:33,613 - Knowledge - INFO - process ingested knowledge for /app/data/tataelxsimockapisolutions5451/1907/b3286zc/Online-Examination-System-3411/OnlineExamSystem/TakenCourses.aspx.cs
2025-12-22 07:33:33,825 - Knowledge - INFO - Found code-base-name: https://github.com/kavia-common/Online-Examination-System-3411.git:kavia-master
2025-12-22 07:33:33,998 - Knowledge - INFO - Found code_base: <app.utils.kg_build.knowledge.KnowledgeCodeBase object at 0x7fcac934c110>
2025-12-22 07:33:34,193 - Knowledge - INFO - process ingested knowledge for /app/data/tataelxsimockapisolutions5451/1907/b3286zc/Online-Examination-System-3411/OnlineExamSystem/SetExam.aspx.cs
2025-12-22 07:33:34,366 - Knowledge - INFO - Found code-base-name: https://github.com/kavia-common/Online-Examination-System-3411.git:kavia-master
2025-12-22 07:33:34,531 - Knowledge - INFO - Found code_base: <app.utils.kg_build.knowledge.KnowledgeCodeBase object at 0x7fcac934c110>
2025-12-22 07:33:34,681 - Knowledge - INFO - process ingested knowledge for /app/data/tataelxsimockapisolutions5451/1907/b3286zc/Online-Examination-System-3411/OnlineExamSystem/EditMCQ.aspx.cs
2025-12-22 07:33:34,834 - Knowledge - INFO - Found code-base-name: https://github.com/kavia-common/Online-Examination-System-3411.git:kavia-master
2025-12-22 07:33:35,001 - Knowledge - INFO - Found code_base: <app.utils.kg_build.knowledge.KnowledgeCodeBase object at 0x7fcac934c110>
2025-12-22 07:33:35,211 - Knowledge - INFO - process ingested knowledge for /app/data/tataelxsimockapisolutions5451/1907/b3286zc/Online-Examination-System-3411/OnlineExamSystem/TheorySet.aspx.cs
2025-12-22 07:33:35,377 - Knowledge - INFO - Found code-base-name: https://github.com/kavia-common/Online-Examination-System-3411.git:kavia-master
2025-12-22 07:33:35,530 - Knowledge - INFO - Found code_base: <app.utils.kg_build.knowledge.KnowledgeCodeBase object at 0x7fcac934c110>
2025-12-22 07:33:35,684 - Knowledge - INFO - process ingested knowledge for /app/data/tataelxsimockapisolutions5451/1907/b3286zc/Online-Examination-System-3411/OnlineExamSystem/ShowAns.aspx.cs
2025-12-22 07:33:35,847 - Knowledge - INFO - Found code-base-name: https://github.com/kavia-common/Online-Examination-System-3411.git:kavia-master
2025-12-22 07:33:36,018 - Knowledge - INFO - Found code_base: <app.utils.kg_build.knowledge.KnowledgeCodeBase object at 0x7fcac934c110>
2025-12-22 07:33:36,179 - Knowledge - INFO - process ingested knowledge for /app/data/tataelxsimockapisolutions5451/1907/b3286zc/Online-Examination-System-3411/OnlineExamSystem/SignUpPage.aspx.cs
2025-12-22 07:33:36,344 - Knowledge - INFO - Found code-base-name: https://github.com/kavia-common/Online-Examination-System-3411.git:kavia-master
2025-12-22 07:33:36,499 - Knowledge - INFO - Found code_base: <app.utils.kg_build.knowledge.KnowledgeCodeBase object at 0x7fcac934c110>
2025-12-22 07:33:36,636 - Knowledge - INFO - process ingested knowledge for /app/data/tataelxsimockapisolutions5451/1907/b3286zc/Online-Examination-System-3411/README.md
2025-12-22 07:33:36,800 - Knowledge - INFO - Found code-base-name: https://github.com/kavia-common/Online-Examination-System-3411.git:kavia-master
2025-12-22 07:33:36,958 - Knowledge - INFO - Found code_base: <app.utils.kg_build.knowledge.KnowledgeCodeBase object at 0x7fcac934c110>
2025-12-22 07:33:37,112 - Knowledge - INFO - process ingested knowledge for /app/data/tataelxsimockapisolutions5451/1907/b3286zc/Online-Examination-System-3411/OnlineExamSystem/MCQExam.aspx.designer.cs
2025-12-22 07:33:37,258 - Knowledge - INFO - Found code-base-name: https://github.com/kavia-common/Online-Examination-System-3411.git:kavia-master
2025-12-22 07:33:37,419 - Knowledge - INFO - Found code_base: <app.utils.kg_build.knowledge.KnowledgeCodeBase object at 0x7fcac934c110>
2025-12-22 07:33:37,582 - Knowledge - INFO - process ingested knowledge for /app/data/tataelxsimockapisolutions5451/1907/b3286zc/Online-Examination-System-3411/database-script/README.md
2025-12-22 07:33:37,751 - Knowledge - INFO - Found code-base-name: https://github.com/kavia-common/Online-Examination-System-3411.git:kavia-master
2025-12-22 07:33:37,934 - Knowledge - INFO - Found code_base: <app.utils.kg_build.knowledge.KnowledgeCodeBase object at 0x7fcac934c110>
2025-12-22 07:33:38,115 - Knowledge - INFO - process ingested knowledge for /app/data/tataelxsimockapisolutions5451/1907/b3286zc/Online-Examination-System-3411/OnlineExamSystem/DownloadPdf.aspx.designer.cs
2025-12-22 07:33:38,307 - Knowledge - INFO - Found code-base-name: https://github.com/kavia-common/Online-Examination-System-3411.git:kavia-master
2025-12-22 07:33:38,476 - Knowledge - INFO - Found code_base: <app.utils.kg_build.knowledge.KnowledgeCodeBase object at 0x7fcac934c110>
2025-12-22 07:33:38,658 - Knowledge - INFO - process ingested knowledge for /app/data/tataelxsimockapisolutions5451/1907/b3286zc/Online-Examination-System-3411/OnlineExamSystem/EditExam.aspx.cs
2025-12-22 07:33:38,815 - Knowledge - INFO - Found code-base-name: https://github.com/kavia-common/Online-Examination-System-3411.git:kavia-master
2025-12-22 07:33:38,988 - Knowledge - INFO - Found code_base: <app.utils.kg_build.knowledge.KnowledgeCodeBase object at 0x7fcac934c110>
2025-12-22 07:33:39,148 - Knowledge - INFO - process ingested knowledge for /app/data/tataelxsimockapisolutions5451/1907/b3286zc/Online-Examination-System-3411/OnlineExamSystem/EditTheory.aspx.cs
2025-12-22 07:33:39,331 - Knowledge - INFO - Found code-base-name: https://github.com/kavia-common/Online-Examination-System-3411.git:kavia-master
2025-12-22 07:33:39,527 - Knowledge - INFO - Found code_base: <app.utils.kg_build.knowledge.KnowledgeCodeBase object at 0x7fcac934c110>
2025-12-22 07:33:39,710 - Knowledge - INFO - process ingested knowledge for /app/data/tataelxsimockapisolutions5451/1907/b3286zc/Online-Examination-System-3411/OnlineExamSystem/StartExam.aspx.cs
2025-12-22 07:33:39,859 - Knowledge - INFO - Found code-base-name: https://github.com/kavia-common/Online-Examination-System-3411.git:kavia-master
2025-12-22 07:33:40,073 - Knowledge - INFO - Found code_base: <app.utils.kg_build.knowledge.KnowledgeCodeBase object at 0x7fcac934c110>
2025-12-22 07:33:40,276 - Knowledge - INFO - process ingested knowledge for /app/data/tataelxsimockapisolutions5451/1907/b3286zc/Online-Examination-System-3411/OnlineExamSystem/AdminPanel.aspx.cs
2025-12-22 07:33:40,472 - Knowledge - INFO - Found code-base-name: https://github.com/kavia-common/Online-Examination-System-3411.git:kavia-master
2025-12-22 07:33:40,663 - Knowledge - INFO - Found code_base: <app.utils.kg_build.knowledge.KnowledgeCodeBase object at 0x7fcac934c110>
2025-12-22 07:33:40,822 - Knowledge - INFO - process ingested knowledge for /app/data/tataelxsimockapisolutions5451/1907/b3286zc/Online-Examination-System-3411/OnlineExamSystem/ExamResult.aspx.designer.cs
2025-12-22 07:33:40,995 - Knowledge - INFO - Found code-base-name: https://github.com/kavia-common/Online-Examination-System-3411.git:kavia-master
2025-12-22 07:33:41,187 - Knowledge - INFO - Found code_base: <app.utils.kg_build.knowledge.KnowledgeCodeBase object at 0x7fcac934c110>
2025-12-22 07:33:41,340 - Knowledge - INFO - process ingested knowledge for /app/data/tataelxsimockapisolutions5451/1907/b3286zc/Online-Examination-System-3411/OnlineExamSystem/LoginPage.aspx.designer.cs
2025-12-22 07:33:41,526 - Knowledge - INFO - Found code-base-name: https://github.com/kavia-common/Online-Examination-System-3411.git:kavia-master
2025-12-22 07:33:41,680 - Knowledge - INFO - Found code_base: <app.utils.kg_build.knowledge.KnowledgeCodeBase object at 0x7fcac934c110>
2025-12-22 07:33:41,813 - Knowledge - INFO - process ingested knowledge for /app/data/tataelxsimockapisolutions5451/1907/b3286zc/Online-Examination-System-3411/OnlineExamSystem/TheoryExam.aspx.designer.cs
2025-12-22 07:33:41,999 - Knowledge - INFO - Found code-base-name: https://github.com/kavia-common/Online-Examination-System-3411.git:kavia-master
2025-12-22 07:33:42,167 - Knowledge - INFO - Found code_base: <app.utils.kg_build.knowledge.KnowledgeCodeBase object at 0x7fcac934c110>
2025-12-22 07:33:42,321 - Knowledge - INFO - process ingested knowledge for /app/data/tataelxsimockapisolutions5451/1907/b3286zc/Online-Examination-System-3411/OnlineExamSystem/Leaderboard.aspx.cs
2025-12-22 07:33:42,517 - Knowledge - INFO - Found code-base-name: https://github.com/kavia-common/Online-Examination-System-3411.git:kavia-master
2025-12-22 07:33:42,703 - Knowledge - INFO - Found code_base: <app.utils.kg_build.knowledge.KnowledgeCodeBase object at 0x7fcac934c110>
2025-12-22 07:33:42,859 - Knowledge - INFO - process ingested knowledge for /app/data/tataelxsimockapisolutions5451/1907/b3286zc/Online-Examination-System-3411/OnlineExamSystem/AdminQueue.aspx.designer.cs
2025-12-22 07:33:43,025 - Knowledge - INFO - Found code-base-name: https://github.com/kavia-common/Online-Examination-System-3411.git:kavia-master
2025-12-22 07:33:43,202 - Knowledge - INFO - Found code_base: <app.utils.kg_build.knowledge.KnowledgeCodeBase object at 0x7fcac934c110>
2025-12-22 07:33:43,372 - Knowledge - INFO - process ingested knowledge for /app/data/tataelxsimockapisolutions5451/1907/b3286zc/Online-Examination-System-3411/OnlineExamSystem/AdminLeaderboard.aspx.designer.cs
2025-12-22 07:33:43,530 - Knowledge - INFO - Found code-base-name: https://github.com/kavia-common/Online-Examination-System-3411.git:kavia-master
2025-12-22 07:33:43,701 - Knowledge - INFO - Found code_base: <app.utils.kg_build.knowledge.KnowledgeCodeBase object at 0x7fcac934c110>
2025-12-22 07:33:43,924 - Knowledge - INFO - process ingested knowledge for /app/data/tataelxsimockapisolutions5451/1907/b3286zc/Online-Examination-System-3411/OnlineExamSystem/MCQSet.aspx.cs
2025-12-22 07:33:44,134 - Knowledge - INFO - Loaded 50 files from persisted knowledge
2025-12-22 07:33:44,297 - Knowledge - INFO - load persisted knowledge: end
2025-12-22 07:33:44,617 - Knowledge - INFO - Redis support added with prefix knowledge:b3286zc:
2025-12-22 07:33:45,030 - Knowledge - INFO - Starting knowledge initialization for ID: I530bo-b3286zc
2025-12-22 07:33:45,229 - Knowledge - INFO - 🔍 Checking Redis for build_id: b3286zc
2025-12-22 07:33:45,442 - Knowledge - INFO - 🔍 Full session ID: I530bo-b3286zc
2025-12-22 07:33:45,582 - Knowledge - INFO - 🔍 Redis prefix will be: knowledge:b3286zc:
2025-12-22 07:33:45,773 - Knowledge - INFO - 🔍 Using attached load_from_redis() method
2025-12-22 07:33:45,926 - Knowledge - INFO - 🔍 Attempting to load knowledge from Redis...
2025-12-22 07:33:46,066 - Knowledge - INFO - 🔍 Using derived instance_id for Redis lookup: b3286zc
2025-12-22 07:33:46,253 - Knowledge - INFO - ✅ Redis cache found! Loading knowledge...
2025-12-22 07:33:46,396 - Knowledge - INFO - ✅ Successfully loaded from Redis: 50 files
2025-12-22 07:33:46,592 - Knowledge - INFO - ✅ Redis load complete: 50 files in 0.82s
2025-12-22 07:33:46,785 - Knowledge - INFO - ⚡ Total Redis path: 0.82s (vs ~300s from disk)
2025-12-22 07:33:47,007 - Knowledge - INFO - Saving knowledge to Redis...
2025-12-22 07:33:47,274 - Knowledge - INFO - Knowledge saved to Redis successfully
